title,artist,top genre,year,bpm,energy,danceability,live,valence,duration,acousticness,speechiness,popularity
Just the Way You Are,Bruno Mars,dance pop,2010,109,84,64,6,42,221,1,4,85
"Hey, Soul Sister",Train,dance pop,2010,97,89,67,8,80,217,19,4,85
Love The Way You Lie,Eminem,detroit hip hop,2010,87,93,75,52,64,263,24,23,84
TiK ToK,Kesha,dance pop,2010,120,84,76,29,71,200,10,14,84
Only Girl (In The World),Rihanna,barbadian pop,2010,126,71,79,6,64,235,11,4,83
Bad Romance,Lady Gaga,art pop,2010,119,92,70,8,71,295,0,4,82
DJ Got Us Fallin' In Love (feat. Pitbull),USHER,atl hip hop,2010,120,86,66,8,65,221,3,11,82
I Gotta Feeling,Black Eyed Peas,dance pop,2010,128,77,74,51,61,289,9,3,81
Empire State Of Mind,JAY-Z,east coast hip hop,2010,174,96,49,46,81,277,3,39,81
Baby,Justin Bieber,canadian pop,2010,65,86,73,11,54,214,4,14,81
You Belong With Me,Taylor Swift,pop,2010,130,75,69,11,44,232,18,4,81
Party In The U.S.A.,Miley Cyrus,pop,2010,96,70,65,9,47,202,0,4,80
Not Afraid,Eminem,detroit hip hop,2010,115,95,86,21,67,248,53,26,79
Replay,Iyaz,dance pop,2010,91,75,71,17,20,182,17,7,79
Club Can't Handle Me (feat. David Guetta) - From the Step Up 3D Soundtrack,Flo Rida,dance pop,2010,128,88,62,19,53,233,2,3,78
Eenie Meenie,Justin Bieber,canadian pop,2010,121,61,72,11,83,202,5,3,78
Use Somebody,Kings of Leon,modern rock,2010,137,74,27,12,16,232,1,5,78
Breakeven,The Script,celtic rock,2010,94,70,63,8,54,261,17,2,78
Sexy Bitch (feat. Akon),David Guetta,big room,2010,130,63,81,13,80,196,8,5,77
Cooler Than Me - Single Mix,Mike Posner,dance pop,2010,130,82,77,36,62,215,17,5,77
Fireflies,Owl City,indietronica,2010,180,66,51,12,47,228,3,4,77
Down,Jay Sean,dance pop,2010,132,68,73,8,73,213,1,3,76
Teenage Dream,Katy Perry,pop,2010,120,80,72,14,61,228,1,4,76
Rude Boy,Rihanna,barbadian pop,2010,174,75,56,8,81,223,11,13,76
Nothin' on You (feat. Bruno Mars),B.o.B,atl hip hop,2010,104,85,69,9,74,268,39,5,75
Paparazzi,Lady Gaga,art pop,2010,115,69,76,9,40,208,11,4,75
Meet Me Halfway,Black Eyed Peas,dance pop,2010,130,63,80,32,40,284,0,7,74
Telephone,Lady Gaga,art pop,2010,122,84,82,11,72,221,1,4,74
Secrets,OneRepublic,piano rock,2010,148,76,52,12,38,225,7,4,74
Mine,Taylor Swift,pop,2010,121,78,62,18,67,231,0,3,74
Forever,Drake,canadian hip hop,2010,104,91,46,18,54,358,25,34,73
Like A G6,Far East Movement,asian american hip hop,2010,165,84,36,12,78,217,1,47,73
California Gurls,Katy Perry,pop,2010,125,76,79,16,43,235,0,6,73
Airplanes (feat. Hayley Williams of Paramore),B.o.B,atl hip hop,2010,93,87,66,4,38,180,11,12,72
Need You Now,Lady A,contemporary country,2010,108,62,59,20,23,278,9,3,72
Just A Dream,Nelly,dance pop,2010,90,75,53,12,10,238,4,3,72
The Only Exception,Paramore,candy pop,2010,138,56,45,14,21,268,14,3,72
Billionaire (feat. Bruno Mars),Travie McCoy,pop rap,2010,87,67,63,21,66,211,30,26,72
Your Love Is My Drug,Kesha,dance pop,2010,120,61,83,9,76,187,1,10,71
Animal,Neon Trees,modern rock,2010,148,83,48,38,74,212,0,4,71
Dynamite,Taio Cruz,dance pop,2010,120,78,75,4,82,203,0,9,71
Whatcha Say,Jason Derulo,dance pop,2010,144,71,62,14,71,221,4,8,70
Bulletproof,La Roux,alternative dance,2010,123,88,67,7,68,206,0,5,70
Alejandro,Lady Gaga,art pop,2010,99,80,62,38,36,274,0,5,70
Bottoms Up (feat. Nicki Minaj),Trey Songz,dance pop,2010,74,60,84,39,33,242,2,16,70
Break Your Heart,Taio Cruz,dance pop,2010,122,90,67,19,65,185,0,3,69
OMG (feat. will.i.am),USHER,atl hip hop,2010,130,75,78,36,33,269,20,3,69
Deuces (feat. Tyga & Kevin McCall),Chris Brown,r&b,2010,74,74,69,8,22,277,3,11,68
Do You Remember,Jay Sean,dance pop,2010,126,67,85,10,82,211,2,7,68
Right Above It,Lil Wayne,hip hop,2010,72,84,35,58,46,272,4,37,68
Haven't Met You Yet,Michael Bublé,adult standards,2010,123,73,62,11,80,245,15,3,68
Hey Daddy (Daddy's Home) (feat. Plies),USHER,atl hip hop,2010,128,74,40,20,36,256,0,4,68
Teach Me How to Dougie,Cali Swag District,pop rap,2010,85,44,85,9,51,237,20,14,67
All I Do Is Win,DJ Khaled,hip hop,2010,150,78,54,16,28,233,1,19,67
Take It Off,Kesha,dance pop,2010,125,68,73,9,74,215,0,3,67
Carry Out (Featuring Justin Timberlake),Timbaland,dance pop,2010,116,57,53,26,27,232,11,11,67
BedRock,Young Money,dirty south rap,2010,148,67,73,19,55,288,10,27,67
Blah Blah Blah (feat. 3OH!3),Kesha,dance pop,2010,120,84,75,42,52,172,8,12,66
Un-thinkable (I'm Ready),Alicia Keys,neo soul,2010,86,51,60,11,34,249,73,6,65
I Like It,Enrique Iglesias,dance pop,2010,129,94,65,6,73,231,2,9,65
Misery,Maroon 5,pop,2010,103,81,70,22,73,216,0,4,65
All The Right Moves,OneRepublic,piano rock,2010,146,95,53,28,65,238,26,5,65
Imma Be,Black Eyed Peas,dance pop,2010,92,52,60,31,41,258,18,37,64
In My Head,Jason Derulo,dance pop,2010,110,75,76,35,85,199,3,3,64
Ridin' Solo,Jason Derulo,dance pop,2010,89,83,44,13,58,216,13,15,64
My Chick Bad,Ludacris,atl hip hop,2010,85,72,62,48,76,217,17,38,64
The House That Built Me,Miranda Lambert,contemporary country,2010,81,30,53,12,21,237,58,3,64
Sweet Dreams,Beyoncé,pop,2010,122,83,69,6,79,208,9,11,63
Two Is Better Than One (feat. Taylor Swift),BOYS LIKE GIRLS,neon pop punk,2010,128,70,52,10,25,243,19,3,63
Young Forever,JAY-Z,east coast hip hop,2010,140,69,64,21,10,254,42,7,63
Your Love,Nicki Minaj,hip pop,2010,190,52,42,41,18,245,0,34,63
Impossible,Shontelle,barbadian pop,2010,90,62,60,13,53,227,39,3,63
Magic (feat. Rivers Cuomo),B.o.B,atl hip hop,2010,82,93,55,35,79,196,1,34,62
Naturally,Selena Gomez & The Scene,pop,2010,133,90,61,5,88,203,2,5,62
Smile,Uncle Kracker,country,2010,141,83,55,38,60,202,19,3,62
Whataya Want from Me,Adam Lambert,dance pop,2010,186,68,44,6,45,227,1,5,61
American Honey,Lady A,contemporary country,2010,86,68,59,14,12,225,51,3,61
Stuck Like Glue,Sugarland,contemporary country,2010,84,80,70,5,84,248,33,6,61
Today Was A Fairytale,Taylor Swift,pop,2010,158,70,49,17,34,242,3,3,61
Say Aah (feat. Fabolous),Trey Songz,dance pop,2010,93,87,72,83,81,208,0,11,61
My First Kiss (feat. Ke$ha),3OH!3,dance pop,2010,138,89,68,36,83,192,1,8,59
Try Sleeping with a Broken Heart,Alicia Keys,neo soul,2010,111,82,50,13,55,249,16,11,59
Rock That Body,Black Eyed Peas,dance pop,2010,125,91,72,43,84,269,2,10,59
How Low,Ludacris,atl hip hop,2010,144,50,79,22,42,202,0,5,59
If I Die Young,The Band Perry,contemporary country,2010,131,50,61,28,36,223,35,3,59
"Lover, Lover",Jerrod Niemann,contemporary country,2010,112,57,88,62,95,194,19,6,58
Say Something (Featuring Drake),Timbaland,dance pop,2010,80,71,56,71,73,241,8,9,58
There Goes My Baby,USHER,atl hip hop,2010,77,52,63,13,26,281,18,9,58
3,Britney Spears,dance pop,2010,135,71,70,14,79,213,5,5,57
Over,Drake,canadian hip hop,2010,100,85,33,12,43,234,1,28,57
Undo It,Carrie Underwood,classic oklahoma country,2010,156,84,48,5,65,177,11,6,56
King of Anything,Sara Bareilles,acoustic pop,2010,119,76,68,6,81,207,46,4,56
Find Your Love,Drake,canadian hip hop,2010,96,61,63,3,74,209,2,17,54
Already Gone,Kelly Clarkson,dance pop,2010,78,87,21,8,29,282,22,8,54
Life After You,Daughtry,alternative metal,2010,51,76,43,44,31,206,5,3,53
Hard,Rihanna,barbadian pop,2010,182,75,31,65,16,251,1,11,52
I Made It (Cash Money Heroes),Kevin Rudolf,pop rap,2010,121,95,58,35,58,290,5,15,50
Tie Me Down (feat. Ray J),New Boyz,pop rap,2010,98,79,42,20,38,179,1,29,48
Live Like We're Dying,Kris Allen,acoustic pop,2010,92,90,58,29,93,213,3,4,47
According To You,Orianthi,candy pop,2010,131,92,61,11,54,200,2,5,45
Sure Thing,Miguel,r&b,2011,81,61,68,19,50,195,3,10,86
Give Me Everything (feat. Nayer),Pitbull,dance pop,2011,129,94,67,30,53,252,19,16,86
Just the Way You Are,Bruno Mars,dance pop,2011,109,84,64,6,42,221,1,4,85
Pumped Up Kicks,Foster The People,indietronica,2011,128,71,73,10,97,240,14,3,85
We Found Love,Rihanna,barbadian pop,2011,128,77,74,11,60,215,3,4,83
Only Girl (In The World),Rihanna,barbadian pop,2011,126,71,79,6,64,235,11,4,83
DJ Got Us Fallin' In Love (feat. Pitbull),USHER,atl hip hop,2011,120,86,66,8,65,221,3,11,82
S&M,Rihanna,barbadian pop,2011,128,69,77,9,84,244,1,4,81
Rolling in the Deep,Adele,british soul,2011,105,77,73,5,51,228,14,3,79
Someone Like You,Adele,british soul,2011,135,32,56,10,29,285,89,3,79
Super Bass,Nicki Minaj,hip pop,2011,127,86,72,60,67,200,27,20,79
Stereo Hearts (feat. Adam Levine),Gym Class Heroes,dance pop,2011,90,80,65,27,80,211,3,10,78
On The Floor,Jennifer Lopez,dance pop,2011,130,78,73,7,57,285,11,5,78
Just Can’t Get Enough,Black Eyed Peas,dance pop,2011,94,63,66,11,26,219,19,18,77
Barefoot Blue Jean Night,Jake Owen,contemporary country,2011,172,81,60,20,81,167,20,4,77
Raise Your Glass,P!nk,dance pop,2011,122,72,70,3,61,203,1,9,77
All Of The Lights,Kanye West,chicago rap,2011,142,80,53,18,22,300,8,7,76
Teenage Dream,Katy Perry,pop,2011,120,80,72,14,61,228,1,4,76
Grenade,Bruno Mars,dance pop,2011,110,56,70,11,25,222,15,5,75
Headlines,Drake,canadian hip hop,2011,152,57,64,9,43,236,37,11,75
Last Friday Night (T.G.I.F.),Katy Perry,pop,2011,126,81,65,67,76,231,0,4,75
No Hands (feat. Roscoe Dash & Wale),Waka Flocka Flame,atl hip hop,2011,131,60,76,24,36,264,1,4,75
Knee Deep (feat. Jimmy Buffett),Zac Brown Band,contemporary country,2011,91,58,72,10,61,203,43,3,75
Country Girl (Shake It For Me),Luke Bryan,contemporary country,2011,106,90,64,8,67,226,3,5,74
Hey Baby (Drop It to the Floor) (feat. T-Pain),Pitbull,dance pop,2011,128,91,60,26,76,234,4,9,74
What's My Name?,Rihanna,barbadian pop,2011,100,78,69,8,56,263,18,7,74
Like A G6,Far East Movement,asian american hip hop,2011,165,84,36,12,78,217,1,47,73
Down On Me,Jeremih,chicago rap,2011,160,60,70,11,59,228,4,11,73
Party Rock Anthem,LMFAO,dance pop,2011,130,74,75,27,36,262,2,16,73
Who Says,Selena Gomez & The Scene,pop,2011,101,93,68,15,74,196,8,5,73
Back To December,Taylor Swift,pop,2011,142,61,52,32,30,293,2,3,73
Black and Yellow,Wiz Khalifa,hip hop,2011,164,83,68,27,54,218,6,7,73
What the Hell,Avril Lavigne,canadian pop,2011,150,93,58,14,88,221,0,5,72
Where Them Girls At (feat. Nicki Minaj & Flo Rida),David Guetta,big room,2011,130,88,67,26,55,195,6,4,72
Dirt Road Anthem,Jason Aldean,contemporary country,2011,127,74,68,12,64,229,34,4,72
Price Tag,Jessie J,dance pop,2011,175,83,64,27,67,223,3,18,72
Firework,Katy Perry,pop,2011,124,83,64,8,65,228,14,5,72
Born This Way,Lady Gaga,art pop,2011,124,83,59,33,49,260,0,16,72
Just A Dream,Nelly,dance pop,2011,90,75,53,12,10,238,4,3,72
Good Life,OneRepublic,piano rock,2011,95,69,63,13,65,253,8,5,72
Take A Back Road,Rodney Atkins,contemporary country,2011,170,86,58,9,92,209,18,8,72
The Lazy Song,Bruno Mars,dance pop,2011,175,71,79,10,96,189,30,7,71
We R Who We R,Kesha,dance pop,2011,120,82,74,12,65,205,1,4,71
Animal,Neon Trees,modern rock,2011,148,83,48,38,74,212,0,4,71
Dynamite,Taio Cruz,dance pop,2011,120,78,75,4,82,203,0,9,71
6 Foot 7 Foot,Lil Wayne,hip hop,2011,79,75,36,32,61,249,0,30,70
Bottoms Up (feat. Nicki Minaj),Trey Songz,dance pop,2011,74,60,84,39,33,242,2,16,70
Look At Me Now (feat. Lil' Wayne & Busta Rhymes),Chris Brown,r&b,2011,146,68,77,14,54,223,3,18,69
jar of hearts,Christina Perri,pop,2011,75,35,35,12,9,247,73,3,69
You Make Me Feel... (feat. Sabi),Cobra Starship,neon pop punk,2011,132,86,67,4,75,216,2,5,69
Without You (feat. Usher),David Guetta,big room,2011,128,61,61,16,40,208,23,3,69
Moment 4 Life,Nicki Minaj,hip pop,2011,98,88,48,24,37,279,41,35,69
Lighters,Bad Meets Evil,detroit hip hop,2011,90,70,68,12,14,304,35,25,68
The Time (Dirty Bit),Black Eyed Peas,dance pop,2011,128,81,82,60,44,308,7,7,68
I Need A Doctor,Dr. Dre,g funk,2011,156,95,59,31,40,284,9,45,68
Tonight Tonight,Hot Chelle Rae,dance rock,2011,100,78,69,10,82,200,9,13,68
Blow,Kesha,dance pop,2011,120,73,75,7,81,220,0,4,68
The Show Goes On,Lupe Fiasco,chicago rap,2011,143,91,60,18,63,240,2,12,68
Moves Like Jagger,Maroon 5,pop,2011,128,75,72,35,60,203,1,5,68
Colder Weather,Zac Brown Band,contemporary country,2011,136,38,67,12,20,274,46,3,68
Yeah 3x,Chris Brown,r&b,2011,130,88,71,9,70,242,0,4,67
I'm On One,DJ Khaled,hip hop,2011,149,81,41,63,44,296,5,32,67
E.T.,Katy Perry,pop,2011,152,87,62,37,76,230,2,18,67
She Will,Lil Wayne,hip hop,2011,100,84,36,24,8,306,0,12,67
Sexy And I Know It,LMFAO,dance pop,2011,130,86,71,19,80,199,10,32,67
More - RedOne Jimmy Joker Remix,USHER,atl hip hop,2011,125,89,55,35,79,220,0,5,67
I Wanna Go,Britney Spears,dance pop,2011,130,55,70,33,79,210,0,4,66
Fuck You,CeeLo Green,atl hip hop,2011,127,88,69,12,75,224,19,6,66
The Edge Of Glory,Lady Gaga,art pop,2011,128,77,58,11,36,321,0,4,66
How To Love,Lil Wayne,hip hop,2011,154,66,64,11,27,240,0,4,66
F**kin' Perfect,P!nk,dance pop,2011,92,65,56,36,48,213,4,3,66
For the First Time,The Script,celtic rock,2011,174,62,40,14,40,251,3,3,66
Best Thing I Never Had,Beyoncé,pop,2011,99,67,54,9,29,253,13,3,65
Honey Bee,Blake Shelton,classic oklahoma country,2011,206,85,48,12,72,211,0,4,65
Coming Home,Diddy - Dirty Money,pop rap,2011,168,84,39,30,23,239,16,19,65
Crazy Girl,Eli Young Band,classic texas country,2011,151,65,37,27,26,201,0,3,65
Rocketeer,Far East Movement,asian american hip hop,2011,96,85,66,27,36,211,18,5,65
Tonight (I'm Fuckin' You),Enrique Iglesias,dance pop,2011,126,88,67,14,27,232,3,4,64
Please Don't Go,Mike Posner,dance pop,2011,120,88,70,13,66,197,0,3,64
If I Die Young,The Band Perry,contemporary country,2011,131,50,61,28,36,223,35,3,64
Till the World Ends,Britney Spears,dance pop,2011,132,71,69,20,45,238,2,7,63
Motivation,Kelly Rowland,atl hip hop,2011,141,68,74,8,26,231,18,4,63
Pretty Girl Rock,Keri Hilson,dance pop,2011,160,87,67,9,90,244,20,25,63
Are You Gonna Kiss Me Or Not,Thompson Square,contemporary country,2011,152,70,49,10,61,185,4,3,62
You and Tequila (feat. Grace Potter),Kenny Chesney,contemporary country,2011,136,45,69,8,35,243,44,3,61
Just A Kiss,Lady A,contemporary country,2011,143,64,59,10,33,219,45,3,61
Roll Up,Wiz Khalifa,hip hop,2011,125,81,52,9,60,228,5,19,61
She Ain't You,Chris Brown,r&b,2011,91,72,63,9,62,248,3,13,60
Don't Wanna Go Home,Jason Derulo,dance pop,2011,122,81,67,17,68,206,2,6,59
You And I,Lady Gaga,art pop,2011,127,70,52,9,52,307,9,5,59
Written in the Stars (feat. Eric Turner),Tinie Tempah,dance pop,2011,91,95,64,18,57,220,6,7,56
Remind Me (with Carrie Underwood),Brad Paisley,contemporary country,2011,141,73,49,23,29,272,6,3,55
Hold It Against Me,Britney Spears,dance pop,2011,133,72,65,24,39,229,1,4,54
My Last,Big Sean,detroit hip hop,2011,79,77,39,21,37,254,10,17,53
In The Dark,DEV,dance pop,2011,125,82,74,33,44,226,0,7,53
Cheers (Drink To That),Rihanna,barbadian pop,2011,80,92,58,28,74,262,2,4,52
God Gave Me You,Blake Shelton,classic oklahoma country,2011,152,84,48,41,54,230,0,3,48
Stereo Love - Original,Edward Maya,romanian house,2011,127,78,78,8,36,248,3,4,47
Don't You Wanna Stay (with Kelly Clarkson),Jason Aldean,contemporary country,2011,144,63,45,9,13,256,10,3,43
Backseat (feat. The Cataracs & Dev),New Boyz,pop rap,2011,125,92,60,51,78,224,7,14,41
Feel So Close - Radio Edit,Calvin Harris,dance pop,2012,128,92,71,20,92,206,0,3,84
What Makes You Beautiful,One Direction,boy band,2012,125,79,73,6,89,200,1,7,84
We Found Love,Rihanna,barbadian pop,2012,128,77,74,11,60,215,3,4,83
Paradise,Coldplay,permanent wave,2012,140,59,45,8,21,279,5,3,82
Payphone,Maroon 5,pop,2012,110,75,74,29,55,231,2,4,82
Set Fire to the Rain,Adele,british soul,2012,108,67,60,11,45,243,0,2,81
Call Me Maybe,Carly Rae Jepsen,canadian pop,2012,120,58,78,11,66,193,1,4,81
a thousand years,Christina Perri,pop,2012,139,41,42,11,16,285,31,3,81
Work Out,J. Cole,conscious hip hop,2012,93,43,83,31,22,235,5,11,81
Ho Hey,The Lumineers,folk-pop,2012,80,47,69,9,35,163,79,3,81
Drive By,Train,dance pop,2012,122,84,77,8,72,196,0,3,81
It Will Rain,Bruno Mars,dance pop,2012,150,84,58,8,48,258,34,5,80
Ni**as In Paris,JAY-Z,east coast hip hop,2012,140,86,79,35,78,219,13,31,80
Moves Like Jagger,Maroon 5,pop,2012,128,75,72,35,60,203,1,5,80
Someone Like You,Adele,british soul,2012,135,32,56,10,29,285,89,3,79
Rolling in the Deep,Adele,british soul,2012,105,77,73,5,51,228,14,3,79
Titanium (feat. Sia),David Guetta,big room,2012,126,79,60,13,30,245,7,10,79
Wild Ones (feat. Sia),Flo Rida,dance pop,2012,127,86,61,26,44,233,10,6,79
Everybody Talks,Neon Trees,modern rock,2012,155,92,47,31,72,177,0,6,79
Good Feeling,Flo Rida,dance pop,2012,128,89,71,31,68,248,6,7,78
Stereo Hearts (feat. Adam Levine),Gym Class Heroes,dance pop,2012,90,80,65,27,80,211,3,10,78
Starships,Nicki Minaj,hip pop,2012,125,72,75,25,75,211,14,8,78
Love You Like A Love Song,Selena Gomez & The Scene,pop,2012,117,68,86,7,92,188,8,5,78
Wide Awake,Katy Perry,pop,2012,160,68,52,39,57,221,7,4,77
Die Young,Kesha,dance pop,2012,128,70,71,22,80,212,0,5,77
One More Night,Maroon 5,pop,2012,93,82,72,8,62,220,6,3,77
International Love (feat. Chris Brown),Pitbull,dance pop,2012,120,86,67,34,65,227,1,5,77
Glad You Came,The Wanted,boy band,2012,127,85,72,11,45,198,3,6,77
Whistle,Flo Rida,dance pop,2012,104,94,75,29,74,225,2,5,76
We Are Young (feat. Janelle Monáe),fun.,baroque pop,2012,184,64,38,8,74,251,2,8,76
Good Time,Owl City,indietronica,2012,126,87,56,37,68,206,2,14,76
We Are Never Ever Getting Back Together,Taylor Swift,pop,2012,86,68,63,12,75,193,1,9,76
Springsteen,Eric Church,contemporary country,2012,104,81,69,19,93,263,10,3,75
Somebody That I Used To Know,Gotye,australian pop,2012,129,52,87,10,75,245,55,4,75
Domino,Jessie J,dance pop,2012,127,56,76,4,78,232,1,3,75
"Young, Wild & Free (feat. Bruno Mars)",Snoop Dogg,g funk,2012,95,66,72,12,53,207,5,14,75
Take Care,Drake,canadian hip hop,2012,122,52,63,9,30,277,3,27,74
Boyfriend,Justin Bieber,canadian pop,2012,97,55,72,13,33,171,4,5,74
Diamonds,Rihanna,barbadian pop,2012,92,67,55,14,41,225,0,4,74
Part Of Me,Katy Perry,pop,2012,130,92,68,7,77,216,0,4,73
Stronger (What Doesn't Kill You),Kelly Clarkson,dance pop,2012,116,94,56,11,68,222,5,5,73
BURN IT DOWN,Linkin Park,alternative metal,2012,110,97,59,7,59,230,1,5,73
Party Rock Anthem,LMFAO,dance pop,2012,130,74,75,27,36,262,2,16,73
Where Have You Been,Rihanna,barbadian pop,2012,128,85,72,22,44,243,0,9,73
You Da One,Rihanna,barbadian pop,2012,127,72,70,13,86,200,50,4,73
The Motto,Drake,canadian hip hop,2012,202,44,77,11,39,182,0,36,72
It's Time,Imagine Dragons,modern rock,2012,105,88,66,14,86,240,2,4,72
The One That Got Away,Katy Perry,pop,2012,134,79,69,20,86,227,0,4,72
Gangnam Style (강남스타일),PSY,k-rap,2012,132,94,73,9,75,219,0,29,72
Without You (feat. Usher),David Guetta,big room,2012,128,61,61,16,40,208,23,3,69
I Don't Want This Night To End,Luke Bryan,contemporary country,2012,112,73,62,23,38,220,3,3,69
Give Your Heart a Break,Demi Lovato,pop,2012,123,70,65,14,57,205,23,5,68
Mercy,Kanye West,chicago rap,2012,140,50,56,17,43,329,7,41,68
Home,Phillip Phillips,folk-pop,2012,121,83,61,12,33,210,3,3,68
50 Ways to Say Goodbye,Train,dance pop,2012,140,94,59,14,74,248,0,5,68
Some Nights,fun.,baroque pop,2012,108,74,67,9,39,277,2,5,67
Sexy And I Know It,LMFAO,dance pop,2012,130,86,71,19,80,199,10,32,67
Let Me Love You (Until You Learn To Love Yourself),Ne-Yo,dance pop,2012,125,68,66,37,25,252,25,4,67
Even If It Breaks Your Heart,Eli Young Band,classic texas country,2012,208,53,50,10,57,221,0,4,66
I Won't Give Up,Jason Mraz,acoustic pop,2012,137,30,59,12,14,240,69,4,66
Somethin' 'Bout A Truck,Kip Moore,contemporary country,2012,176,79,55,63,79,214,7,4,66
Hard To Love,Lee Brice,contemporary country,2012,103,72,64,19,47,224,1,3,66
Pontoon,Little Big Town,contemporary country,2012,96,82,72,20,87,212,41,3,66
Blow Me (One Last Kiss),P!nk,dance pop,2012,114,92,60,28,73,256,0,4,66
Red Solo Cup,Toby Keith,classic oklahoma country,2012,164,56,54,21,79,223,29,9,66
Scream,USHER,atl hip hop,2012,128,86,62,18,57,235,0,10,66
Let's Go (feat. Ne-Yo),Calvin Harris,dance pop,2012,128,88,71,29,88,233,1,6,65
As Long As You Love Me,Justin Bieber,canadian pop,2012,140,87,57,36,61,229,8,10,65
Adorn,Miguel,r&b,2012,179,59,62,13,22,196,7,18,65
Rack City,Tyga,hip hop,2012,99,34,93,19,27,203,4,37,65
Rumour Has It,Adele,british soul,2012,120,75,61,17,57,223,62,4,64
Turn Me On (feat. Nicki Minaj),David Guetta,big room,2012,128,79,70,57,41,200,5,6,64
Drunk On You,Luke Bryan,contemporary country,2012,144,87,56,17,48,214,17,4,64
Wanted,Hunter Hayes,contemporary country,2012,170,48,42,8,30,229,27,3,63
Fly Over States,Jason Aldean,contemporary country,2012,82,74,49,11,18,218,7,3,63
Not Over You,Gavin DeGraw,neo mellow,2012,142,89,63,17,36,219,33,5,62
So Good,B.o.B,atl hip hop,2012,86,90,66,22,59,213,4,14,61
Blown Away,Carrie Underwood,classic oklahoma country,2012,137,84,53,3,39,240,9,4,61
Don't Wake Me Up,Chris Brown,r&b,2012,128,69,60,14,21,222,5,5,61
Turn Up the Music,Chris Brown,r&b,2012,130,84,59,16,64,228,0,10,61
Lights - Single Version,Ellie Goulding,indietronica,2012,120,80,68,13,77,211,3,4,61
Drank in My Cup,Kirko Bangz,dirty south rap,2012,133,63,45,20,23,232,1,30,61
Pound The Alarm,Nicki Minaj,hip pop,2012,125,86,73,2,59,206,4,6,61
Want U Back,Cher Lloyd,dance pop,2012,98,89,70,47,57,214,7,8,60
Brokenhearted,Karmin,post-teen pop,2012,120,74,77,5,89,229,1,6,59
No Lie,2 Chainz,atl hip hop,2012,131,67,63,37,61,238,2,18,58
Dance (A$$) Remix,Big Sean,detroit hip hop,2012,160,73,79,8,72,220,3,35,58
Good Girl,Carrie Underwood,classic oklahoma country,2012,129,84,62,19,74,206,3,7,58
Climax,USHER,atl hip hop,2012,136,48,65,16,33,233,55,8,58
Too Close,Alex Clare,modern alternative rock,2012,126,69,59,11,27,257,1,4,57
Ass Back Home (feat. Neon Hitch),Gym Class Heroes,dance pop,2012,130,84,72,15,65,222,13,5,57
Take A Little Ride,Jason Aldean,contemporary country,2012,164,87,47,21,77,188,4,4,56
5 O'Clock (feat. Lily Allen & Wiz Khalifa),T-Pain,dance pop,2012,83,74,52,10,35,281,7,23,56
"Back in Time - featured in ""Men In Black 3""",Pitbull,dance pop,2012,127,92,73,32,79,206,0,4,55
Cashin' Out,Ca$h Out,atl hip hop,2012,130,67,83,6,66,239,15,7,54
Come Over,Kenny Chesney,contemporary country,2012,176,70,47,7,48,248,10,4,54
We Run The Night,Havana Brown,australian dance,2012,127,86,70,41,70,228,0,14,52
"Work Hard, Play Hard",Wiz Khalifa,hip hop,2012,140,68,81,25,47,221,10,6,47
Heart Attack,Trey Songz,dance pop,2012,150,87,60,18,46,235,6,14,38
Locked out of Heaven,Bruno Mars,dance pop,2013,144,70,73,31,87,233,5,4,89
Counting Stars,OneRepublic,piano rock,2013,122,71,66,12,47,258,7,4,86
Wake Me Up,Avicii,dance pop,2013,124,78,53,16,64,247,0,5,85
When I Was Your Man,Bruno Mars,dance pop,2013,73,28,61,9,39,214,93,4,85
Demons,Imagine Dragons,modern rock,2013,90,71,50,27,42,178,19,3,84
Can't Hold Us (feat. Ray Dalton),Macklemore & Ryan Lewis,pop rap,2013,146,93,63,10,88,258,3,8,84
Just Give Me a Reason (feat. Nate Ruess),P!nk,dance pop,2013,95,55,78,13,44,243,34,5,84
Summertime Sadness,Lana Del Rey,art pop,2013,112,65,56,12,24,265,5,3,83
Hall of Fame (feat. will.i.am),The Script,celtic rock,2013,85,87,42,12,63,203,7,6,82
Safe And Sound,Capital Cities,metropopolis,2013,118,82,66,10,77,193,0,3,81
Get Lucky (Radio Edit) [feat. Pharrell Williams and Nile Rodgers],Daft Punk,electro,2013,116,81,79,10,86,248,4,4,81
Love Me,Lil Wayne,hip hop,2013,125,63,67,9,50,255,1,3,81
Don't You Worry Child - Radio Edit,Swedish House Mafia,dance pop,2013,129,84,61,12,44,213,11,5,81
Ho Hey,The Lumineers,folk-pop,2013,80,47,69,9,35,163,79,3,81
Radioactive,Imagine Dragons,modern rock,2013,136,78,45,67,24,187,10,6,80
Beauty And A Beat,Justin Bieber,canadian pop,2013,128,84,60,7,53,228,0,6,80
Mirrors,Justin Timberlake,dance pop,2013,77,51,57,9,51,484,23,5,79
Swimming Pools (Drank),Kendrick Lamar,conscious hip hop,2013,74,45,69,9,20,248,1,26,79
Thrift Shop (feat. Wanz),Macklemore & Ryan Lewis,pop rap,2013,95,53,78,5,67,236,6,29,79
Little Talks,Of Monsters and Men,folk-pop,2013,103,76,46,15,42,267,2,3,79
Try,P!nk,dance pop,2013,104,62,68,10,56,250,0,3,79
Feel This Moment (feat. Christina Aguilera),Pitbull,dance pop,2013,136,76,67,34,54,230,4,16,79
Treasure,Bruno Mars,dance pop,2013,116,69,87,32,94,179,4,4,78
Wagon Wheel,Darius Rucker,black americana,2013,148,66,54,14,58,298,46,3,78
Heart Attack,Demi Lovato,pop,2013,174,78,50,28,53,212,7,7,78
Wrecking Ball,Miley Cyrus,pop,2013,120,42,53,11,35,221,41,3,78
Still into You,Paramore,candy pop,2013,136,92,60,6,77,216,1,4,78
Power Trip (feat. Miguel),J. Cole,conscious hip hop,2013,100,61,67,43,48,241,32,22,77
Roar,Katy Perry,pop,2013,90,78,67,49,44,223,1,3,77
Die Young,Kesha,dance pop,2013,128,70,71,22,80,212,0,5,77
Royals,Lorde,art pop,2013,85,43,67,13,34,190,12,12,77
One More Night,Maroon 5,pop,2013,93,82,72,8,62,220,6,3,77
Troublemaker (feat. Flo Rida),Olly Murs,dance pop,2013,106,86,76,13,97,186,2,6,77
Let Her Go,Passenger,folk-pop,2013,75,55,48,10,24,253,37,7,77
Scream & Shout,will.i.am,dance pop,2013,130,69,77,13,50,283,2,7,77
"F**kin' Problems (feat. Drake, 2 Chainz & Kendrick Lamar)",A$AP Rocky,east coast hip hop,2013,96,69,85,11,66,234,2,28,76
Sweet Nothing (feat. Florence Welch),Calvin Harris,dance pop,2013,128,93,57,6,58,213,20,11,76
Applause,Lady Gaga,art pop,2013,140,78,67,10,70,212,3,5,76
We Can't Stop,Miley Cyrus,pop,2013,80,62,61,37,48,231,1,3,76
Girl on Fire,Alicia Keys,neo soul,2013,93,71,48,11,14,225,14,6,75
My Songs Know What You Did In The Dark (Light Em Up),Fall Out Boy,emo,2013,152,92,56,54,57,187,3,6,75
Crash My Party,Luke Bryan,contemporary country,2013,144,82,53,22,41,235,3,4,75
I Knew You Were Trouble.,Taylor Swift,pop,2013,77,47,62,4,68,218,0,4,75
22,Taylor Swift,pop,2013,104,73,66,8,67,230,0,4,75
Best Song Ever,One Direction,boy band,2013,118,88,65,8,49,200,2,5,74
Diamonds,Rihanna,barbadian pop,2013,92,67,55,14,41,225,0,4,74
Blurred Lines,Robin Thicke,dance pop,2013,120,60,85,8,84,264,0,4,74
"Hold On, We're Going Home",Drake,canadian hip hop,2013,100,41,77,7,29,228,0,10,73
I Love It (feat. Charli XCX),Icona Pop,candy pop,2013,126,91,71,15,84,155,1,3,73
Stay,Rihanna,barbadian pop,2013,112,31,62,12,13,241,95,3,73
Clarity,Zedd,complextro,2013,128,78,51,7,18,271,4,7,73
Sail,AWOLNATION,la indie,2013,119,44,83,10,27,259,44,6,72
I Need Your Love (feat. Ellie Goulding),Calvin Harris,dance pop,2013,125,87,70,24,58,235,41,5,72
It's Time,Imagine Dragons,modern rock,2013,105,88,66,14,86,240,2,4,72
"Gone, Gone, Gone",Phillip Phillips,folk-pop,2013,118,64,66,11,50,210,13,4,72
Gangnam Style (강남스타일),PSY,k-rap,2013,132,94,73,9,75,219,0,29,72
The A Team,Ed Sheeran,pop,2013,85,29,64,18,41,258,67,4,71
That's My Kind Of Night,Luke Bryan,contemporary country,2013,110,75,66,11,90,190,6,5,71
Daylight,Maroon 5,pop,2013,120,67,66,26,37,225,0,3,70
I Will Wait,Mumford & Sons,modern folk rock,2013,131,77,49,20,39,277,1,3,70
Come & Get It,Selena Gomez,pop,2013,80,79,55,10,58,232,1,5,69
Home,Phillip Phillips,folk-pop,2013,121,83,61,12,33,210,3,3,68
Pour It Up,Rihanna,barbadian pop,2013,134,48,79,9,39,161,3,4,68
Boys 'Round Here (feat. Pistol Annies & Friends),Blake Shelton,classic oklahoma country,2013,170,69,61,25,65,289,25,5,67
I Cry,Flo Rida,dance pop,2013,126,82,69,32,76,224,1,4,67
Some Nights,fun.,baroque pop,2013,108,74,67,9,39,277,2,5,67
Let Me Love You (Until You Learn To Love Yourself),Ne-Yo,dance pop,2013,125,68,66,37,25,252,25,4,67
Mama's Broken Heart,Miranda Lambert,contemporary country,2013,112,81,77,14,75,178,28,6,66
Highway Don't Care,Tim McGraw,contemporary country,2013,158,79,48,8,51,279,3,4,66
The Way,Ariana Grande,pop,2013,82,88,65,8,86,227,29,11,65
Suit & Tie (feat. Jay-Z),Justin Timberlake,dance pop,2013,102,60,80,16,36,326,10,22,65
Adorn,Miguel,r&b,2013,179,59,62,13,22,196,7,18,65
Runnin' Outta Moonlight,Randy Houser,contemporary country,2013,172,80,53,6,77,194,4,4,65
Brave,Sara Bareilles,acoustic pop,2013,185,84,55,4,76,221,1,5,65
Berzerk,Eminem,detroit hip hop,2013,95,87,74,26,67,239,2,33,64
It Goes Like This,Thomas Rhett,contemporary country,2013,168,84,54,9,53,188,12,6,64
#thatPOWER,will.i.am,dance pop,2013,128,61,80,7,40,280,0,6,64
Body Party,Ciara,dance pop,2013,134,60,58,13,11,237,2,5,63
Started From the Bottom,Drake,canadian hip hop,2013,86,54,79,26,52,173,4,17,63
Wanted,Hunter Hayes,contemporary country,2013,170,48,42,8,30,229,27,3,63
Cups (Pitch Perfect’s “When I’m Gone”) - Pop Version,Anna Kendrick,hollywood,2013,130,44,89,3,72,127,5,12,62
The Fox (What Does the Fox Say?),Ylvis,comic,2013,128,87,70,12,55,214,11,5,62
I Want Crazy - Encore,Hunter Hayes,contemporary country,2013,103,88,56,11,56,237,5,4,61
Holy Grail,JAY-Z,east coast hip hop,2013,145,53,68,26,16,338,6,8,61
Get Your Shine On,Florida Georgia Line,contemporary country,2013,97,93,50,41,61,222,0,4,60
Same Love (feat. Mary Lambert),Macklemore & Ryan Lewis,pop rap,2013,85,48,62,10,31,320,72,17,60
Bugatti,Ace Hood,dirty south rap,2013,130,59,60,10,7,269,2,5,59
Love Somebody,Maroon 5,pop,2013,120,78,68,12,40,230,13,4,59
The Other Side,Jason Derulo,dance pop,2013,128,84,56,14,52,227,5,10,58
Sure Be Cool If You Did,Blake Shelton,classic oklahoma country,2013,137,73,58,11,58,216,26,4,57
Carry On,fun.,baroque pop,2013,145,69,39,8,37,278,12,7,57
Cruise,Florida Georgia Line,contemporary country,2013,148,95,46,5,88,209,2,4,56
Downtown,Lady A,contemporary country,2013,170,83,53,30,96,196,19,5,56
I'm Different,2 Chainz,atl hip hop,2013,98,70,94,8,70,207,5,6,55
Next To Me,Emeli Sandé,r&b,2013,95,80,66,11,35,197,9,4,55
#Beautiful,Mariah Carey,dance pop,2013,214,76,44,30,43,200,32,12,55
"U.O.E.N.O. (feat. Future, Rick Ross)",Rocko,atl hip hop,2013,186,65,42,78,67,263,40,32,55
Harlem Shake,Baauer,electro house,2013,138,79,45,42,28,197,1,5,54
Catch My Breath,Kelly Clarkson,dance pop,2013,124,95,69,9,52,252,3,7,49
Bad (feat. Tiara Thomas),Wale,pop rap,2013,114,64,87,16,28,256,2,6,48
Sweater Weather,The Neighbourhood,modern alternative rock,2014,124,81,61,10,40,240,5,3,90
A Sky Full of Stars,Coldplay,permanent wave,2014,125,68,55,21,16,268,1,3,87
Summer,Calvin Harris,dance pop,2014,128,86,60,14,74,223,2,3,86
Counting Stars,OneRepublic,piano rock,2014,122,71,66,12,47,258,7,4,86
Wake Me Up,Avicii,dance pop,2014,124,78,53,16,64,247,0,5,85
Demons,Imagine Dragons,modern rock,2014,90,71,50,27,42,178,19,3,84
Maps,Maroon 5,pop,2014,120,71,74,6,88,190,2,3,84
Timber,Pitbull,dance pop,2014,130,97,59,14,83,204,4,10,84
All of Me,John Legend,neo soul,2014,120,26,42,13,33,270,92,3,83
Rude,MAGIC!,pop,2014,144,81,74,31,90,225,4,4,83
Story of My Life,One Direction,boy band,2014,121,66,60,12,29,245,23,5,83
Classic,MKTO,pop,2014,102,79,72,16,76,175,4,12,82
Stay With Me,Sam Smith,pop,2014,84,42,41,11,19,173,59,4,82
Radioactive,Imagine Dragons,modern rock,2014,136,78,45,67,24,187,10,6,80
Chandelier,Sia,australian dance,2014,117,79,40,7,57,216,2,5,80
Best Day Of My Life,American Authors,modern rock,2014,100,90,67,6,54,194,6,3,79
Dark Horse,Katy Perry,pop,2014,132,59,65,17,35,216,0,5,79
Animals,Maroon 5,pop,2014,190,74,28,59,33,231,0,9,79
"Happy - From ""Despicable Me 2""",Pharrell Williams,dance pop,2014,160,82,65,9,96,233,22,18,79
Shake It Off,Taylor Swift,pop,2014,160,80,65,33,94,219,6,17,79
Shower,Becky G,latin pop,2014,120,53,70,28,12,206,3,5,78
The Monster,Eminem,detroit hip hop,2014,110,85,78,12,63,250,5,7,78
Wrecking Ball,Miley Cyrus,pop,2014,120,42,53,11,35,221,41,3,78
Hey Brother,Avicii,dance pop,2014,125,78,55,8,46,255,3,4,77
Bang Bang,Jessie J,dance pop,2014,150,75,70,40,70,199,28,9,77
Roar,Katy Perry,pop,2014,90,78,67,49,44,223,1,3,77
Royals,Lorde,art pop,2014,85,43,67,13,34,190,12,12,77
Am I Wrong,Nico & Vinz,afrobeats,2014,120,68,73,16,76,248,16,3,77
Let Her Go,Passenger,folk-pop,2014,75,55,48,10,24,253,37,7,77
Latch,Disclosure,edm,2014,122,73,50,9,53,256,2,17,76
Break Free,Ariana Grande,pop,2014,130,70,69,20,29,215,1,5,75
Pompeii,Bastille,metropopolis,2014,127,72,68,27,57,214,8,4,75
Rather Be (feat. Jess Glynne),Clean Bandit,pop,2014,121,59,80,19,55,228,16,4,75
American Kids,Kenny Chesney,contemporary country,2014,85,59,78,4,85,183,5,8,75
Play It Again,Luke Bryan,contemporary country,2014,144,89,51,7,60,227,10,7,75
Me And My Broken Heart,Rixton,post-teen pop,2014,174,77,54,26,54,194,1,3,75
Problem,Ariana Grande,pop,2014,103,81,66,16,63,194,2,15,74
Loyal (feat. Lil Wayne & Tyga),Chris Brown,r&b,2014,99,52,84,19,62,265,2,5,74
"Let It Go - From ""Frozen""/Soundtrack Version",Idina Menzel,hollywood,2014,137,49,54,12,37,224,56,3,74
Team,Lorde,art pop,2014,100,58,69,31,41,193,17,11,74
All About That Bass,Meghan Trainor,hip pop,2014,134,89,81,12,96,188,6,5,74
Blurred Lines,Robin Thicke,dance pop,2014,120,50,86,8,88,263,0,5,74
"Hold On, We're Going Home",Drake,canadian hip hop,2014,100,41,77,7,29,228,0,10,73
Burn,Ellie Goulding,indietronica,2014,87,76,31,11,34,231,30,6,73
Habits (Stay High),Tove Lo,dance pop,2014,110,65,73,8,35,209,7,3,73
Don't Tell 'Em,Jeremih,chicago rap,2014,98,53,86,11,39,267,39,10,72
La La La,Naughty Boy,uk contemporary r&b,2014,125,68,75,11,25,221,11,3,72
Ain't It Fun,Paramore,candy pop,2014,104,89,61,2,67,297,15,9,72
2 On (feat. ScHoolboy Q),Tinashe,alternative r&b,2014,101,60,74,11,43,227,15,11,72
Drunk in Love (feat. Jay-Z),Beyoncé,pop,2014,140,62,58,18,40,323,1,5,71
Cool Kids,Echosmith,electropop,2014,130,67,72,12,79,238,4,3,71
New Flame (feat. Usher & Rick Ross),Chris Brown,r&b,2014,142,63,70,10,45,244,5,4,70
Don't,Ed Sheeran,pop,2014,95,61,81,64,85,220,1,7,70
This Is How We Roll,Florida Georgia Line,contemporary country,2014,132,93,56,41,72,221,2,4,70
Talk Dirty (feat. 2 Chainz),Jason Derulo,dance pop,2014,100,65,76,31,76,178,3,23,70
Love Never Felt So Good,Michael Jackson,r&b,2014,118,72,78,7,71,246,13,4,70
She Looks So Perfect,5 Seconds of Summer,boy band,2014,160,95,49,33,44,202,0,13,69
Say Something,A Great Big World,neo mellow,2014,141,15,41,9,8,229,86,4,69
Drunk On A Plane,Dierks Bentley,contemporary country,2014,206,73,42,24,66,254,0,3,69
Turn Down for What,DJ Snake,dance pop,2014,100,80,82,6,8,214,0,16,69
Bailando - Spanish Version,Enrique Iglesias,dance pop,2014,91,79,72,4,96,243,5,11,69
Partition,Beyoncé,pop,2014,176,44,42,31,17,319,3,28,68
Hot N*gga,Bobby Shmurda,nyc rap,2014,168,51,79,6,18,195,5,42,68
Sing,Ed Sheeran,pop,2014,120,67,82,6,94,235,30,5,68
Show Me (feat. Chris Brown),Kid Ink,pop rap,2014,98,51,71,14,66,218,4,5,68
Adore You,Miley Cyrus,pop,2014,120,66,58,11,20,279,11,3,68
Lifestyle,Rich Gang,atl hip hop,2014,88,67,55,9,47,270,2,27,68
Animals,Martin Garrix,dutch edm,2014,128,87,68,37,4,304,0,4,67
23,Mike WiLL Made-It,atl hip hop,2014,140,60,86,13,32,253,0,6,67
Studio,ScHoolboy Q,gangster rap,2014,134,59,71,6,58,278,5,4,67
Can't Remember to Forget You (feat. Rihanna),Shakira,colombian pop,2014,138,81,69,14,82,207,12,7,67
0 To 100 / The Catch Up,Drake,canadian hip hop,2014,177,72,56,25,50,275,74,39,66
Fancy,Iggy Azalea,australian hip hop,2014,95,72,91,5,38,200,9,7,66
Come with Me Now,KONGOS,modern alternative rock,2014,104,73,65,6,73,212,3,4,66
My Nigga,YG,cali rap,2014,171,48,68,21,76,236,8,21,66
Anaconda,Nicki Minaj,hip pop,2014,130,60,96,21,65,260,7,18,65
Brave,Sara Bareilles,acoustic pop,2014,185,84,55,4,76,221,1,5,65
Bottoms Up,Brantley Gilbert,contemporary country,2014,170,86,48,13,55,221,11,4,64
Boom Clap,Charli xcx,art pop,2014,92,91,66,19,58,170,15,8,64
Black Widow,Iggy Azalea,australian hip hop,2014,164,72,74,11,51,209,19,16,64
Burnin' It Down,Jason Aldean,contemporary country,2014,136,80,68,11,64,219,31,5,64
I Don't Dance,Lee Brice,contemporary country,2014,92,56,59,10,19,221,40,3,64
Trumpets,Jason Derulo,dance pop,2014,82,70,63,10,64,217,56,24,63
White Walls (feat. ScHoolboy Q & Hollis),Macklemore & Ryan Lewis,pop rap,2014,116,78,77,34,84,220,5,14,63
Somethin' Bad (with Carrie Underwood) - Duet with Carrie Underwood [Album],Miranda Lambert,contemporary country,2014,90,89,68,6,48,170,5,6,63
Na Na,Trey Songz,dance pop,2014,97,48,67,10,24,232,33,4,63
Wiggle (feat. Snoop Dogg),Jason Derulo,dance pop,2014,82,62,70,16,72,193,8,25,62
Love Runs Out,OneRepublic,piano rock,2014,120,94,72,10,74,224,17,6,62
Stay The Night - Featuring Hayley Williams Of Paramore,Zedd,complextro,2014,128,74,60,9,46,217,11,4,62
Leave The Night On,Sam Hunt,contemporary country,2014,172,95,51,35,84,192,10,6,61
Beachin',Jake Owen,contemporary country,2014,182,90,53,7,71,191,34,6,60
Birthday,Katy Perry,pop,2014,126,67,72,11,84,215,9,7,60
The Man,Aloe Blacc,pop soul,2014,86,76,53,23,47,256,3,4,59
Dirt,Florida Georgia Line,contemporary country,2014,122,88,55,11,59,231,6,5,59
Amnesia,5 Seconds of Summer,boy band,2014,102,50,59,16,10,237,3,3,58
Do What U Want,Lady Gaga,art pop,2014,97,80,78,9,53,217,35,9,58
Believe Me,Lil Wayne,hip hop,2014,92,49,84,11,19,338,27,17,58
No Mediocre (feat. Iggy Azalea),T.I.,atl hip hop,2014,95,45,78,8,18,202,8,5,53
Not a Bad Thing,Justin Timberlake,dance pop,2014,85,72,34,42,44,267,31,17,52
Bartender,Lady A,contemporary country,2014,101,93,63,33,65,198,2,3,38
Night Changes,One Direction,boy band,2015,120,52,67,12,37,227,86,4,87
Shut Up and Dance,WALK THE MOON,dance rock,2015,128,87,58,26,62,199,1,6,86
Time of Our Lives,Pitbull,dance pop,2015,124,80,72,69,72,229,9,6,84
The Hills,The Weeknd,canadian contemporary r&b,2015,113,56,59,14,14,242,7,5,84
Take Me to Church,Hozier,irish singer-songwriter,2015,129,66,57,12,44,242,64,5,83
How Deep Is Your Love,Calvin Harris,dance pop,2015,122,87,74,39,34,213,4,7,83
Budapest,George Ezra,folk-pop,2015,128,46,72,11,39,201,8,3,83
Uptown Funk (feat. Bruno Mars),Mark Ronson,pop soul,2015,115,61,86,3,93,270,1,8,82
Stay With Me,Sam Smith,pop,2015,84,42,41,11,19,173,59,4,82
Riptide,Vance Joy,folk-pop,2015,102,73,48,15,51,204,43,4,82
Photograph,Ed Sheeran,pop,2015,108,38,61,10,20,259,61,5,82
One Last Time,Ariana Grande,pop,2015,125,59,63,10,10,197,9,3,82
I'm Not The Only One,Sam Smith,pop,2015,82,48,68,8,49,239,53,4,82
Cheerleader (Felix Jaehn Remix) - Radio Edit,OMI,reggae fusion,2015,118,58,83,7,41,180,18,4,81
Can't Feel My Face,The Weeknd,canadian contemporary r&b,2015,108,77,71,11,58,214,11,4,81
Thinking out Loud,Ed Sheeran,pop,2015,79,45,78,18,59,282,47,3,80
Drag Me Down,One Direction,boy band,2015,138,70,73,7,60,192,11,4,80
Chandelier,Sia,australian dance,2015,117,79,40,7,57,216,2,5,80
Centuries,Fall Out Boy,emo,2015,176,86,39,10,56,228,0,7,80
Blank Space,Taylor Swift,pop,2015,96,70,76,9,57,232,10,5,80
What Do You Mean?,Justin Bieber,canadian pop,2015,125,57,85,8,79,206,59,10,79
Sugar,Maroon 5,pop,2015,120,79,75,9,88,235,6,3,79
Style,Taylor Swift,pop,2015,95,79,59,12,49,231,0,4,79
Stitches,Shawn Mendes,canadian pop,2015,150,75,75,5,76,207,2,6,79
Shake It Off,Taylor Swift,pop,2015,160,80,65,33,94,219,6,17,79
Locked Away (feat. Adam Levine),R. City,reggae fusion,2015,118,67,51,5,55,227,30,7,79
Animals,Maroon 5,pop,2015,190,74,28,59,33,231,0,9,79
Wildest Dreams,Taylor Swift,pop,2015,140,66,55,11,47,220,7,7,77
Waves - Robin Schulz Radio Edit,Mr. Probz,pop dance,2015,120,51,83,8,45,208,1,4,77
Want to Want Me,Jason Derulo,dance pop,2015,114,68,78,11,66,208,1,6,77
See You Again (feat. Charlie Puth),Wiz Khalifa,hip hop,2015,80,48,69,6,29,230,37,8,77
Love Me Harder,Ariana Grande,pop,2015,99,71,49,8,24,236,1,3,77
Cool for the Summer,Demi Lovato,pop,2015,114,61,58,14,34,215,0,4,77
Hotline Bling,Drake,canadian hip hop,2015,135,63,89,5,55,267,0,6,76
FourFiveSeconds,Rihanna,barbadian pop,2015,206,27,58,13,35,188,88,5,76
Dear Future Husband,Meghan Trainor,hip pop,2015,79,78,66,32,83,184,38,19,76
Like I'm Gonna Lose You (feat. John Legend),Meghan Trainor,hip pop,2015,108,53,63,18,42,225,40,4,75
Trap Queen,Fetty Wap,new jersey rap,2015,148,87,75,35,82,222,2,13,74
Renegades,X Ambassadors,modern alternative rock,2015,90,86,53,23,53,195,1,9,74
"Love Me Like You Do - From ""Fifty Shades Of Grey""",Ellie Goulding,indietronica,2015,190,61,26,13,28,253,25,5,74
Lean On,Major Lazer,dance pop,2015,98,81,72,56,27,177,0,6,74
"Hey Mama (feat. Nicki Minaj, Bebe Rexha & Afrojack)",David Guetta,big room,2015,86,73,60,33,53,193,24,15,74
Elastic Heart,Sia,australian dance,2015,130,79,42,15,50,257,1,5,74
El Perdón - Forgiveness,Nicky Jam,latin hip hop,2015,90,72,74,9,65,207,26,4,74
All About That Bass,Meghan Trainor,hip pop,2015,134,89,81,12,96,188,6,5,74
679 (feat. Remy Boyz),Fetty Wap,new jersey rap,2015,190,72,62,63,60,197,0,32,74
Where Are Ü Now (with Justin Bieber),Jack Ü,edm,2015,139,78,43,8,20,250,4,6,73
Habits (Stay High),Tove Lo,dance pop,2015,110,65,73,8,35,209,7,3,73
Fight Song,Rachel Platten,post-teen pop,2015,176,70,57,28,36,203,5,8,73
Bitch Better Have My Money,Rihanna,barbadian pop,2015,103,73,78,26,40,219,5,6,73
Bad Blood,Taylor Swift,pop,2015,170,66,65,14,22,200,3,11,73
Worth It (feat. Kid Ink),Fifth Harmony,girl group,2015,100,77,88,12,59,225,6,9,72
I Don't Fuck With You,Big Sean,detroit hip hop,2015,98,73,82,33,40,284,4,6,72
Hello,Adele,british soul,2015,79,43,58,9,29,296,33,3,72
"Earned It (Fifty Shades Of Grey) - From The ""Fifty Shades Of Grey"" Soundtrack",The Weeknd,canadian contemporary r&b,2015,120,38,66,10,43,252,39,3,72
GDFR (feat. Sage the Gemini & Lookas),Flo Rida,dance pop,2015,146,83,66,7,69,190,0,7,71
You Know You Like It,DJ Snake,dance pop,2015,196,73,41,31,25,247,1,19,70
Ex's & Oh's,Elle King,modern blues rock,2015,140,90,63,5,46,202,2,8,70
Don't,Ed Sheeran,pop,2015,95,61,81,64,85,220,1,7,70
Ayo,Chris Brown,r&b,2015,98,56,82,9,68,225,4,4,70
House Party,Sam Hunt,contemporary country,2015,104,86,75,3,86,190,11,5,69
"Honey, I'm Good.",Andy Grammer,neo mellow,2015,122,80,75,34,58,199,3,6,69
Here,Alessia Cara,canadian contemporary r&b,2015,120,82,38,8,33,199,8,10,69
The Heart Wants What It Wants,Selena Gomez,pop,2015,83,79,62,14,62,227,5,4,68
Post to Be (feat. Chris Brown & Jhene Aiko),Omarion,dance pop,2015,97,68,73,21,70,227,7,4,68
No Type,Rae Sremmurd,melodic rap,2015,125,49,89,9,23,200,2,16,68
Lips Are Movin,Meghan Trainor,hip pop,2015,139,83,78,11,95,183,5,5,68
Lay Me Down,Sam Smith,pop,2015,119,33,42,11,17,253,77,5,68
Uma Thurman,Fall Out Boy,emo,2015,150,96,62,26,67,212,10,9,67
She Knows,Ne-Yo,dance pop,2015,140,57,71,59,57,215,3,3,67
Jealous,Nick Jonas,dance pop,2015,93,70,70,46,38,223,1,16,67
Back To Back,Drake,canadian hip hop,2015,87,48,89,12,38,171,1,36,67
11-Jul,Beyoncé,pop,2015,136,71,75,13,56,214,1,13,67
The Hanging Tree,James Newton Howard,orchestral soundtrack,2015,54,7,21,21,14,219,34,4,66
Talking Body,Tove Lo,dance pop,2015,120,76,74,8,11,238,10,3,66
Slow Motion,Trey Songz,dance pop,2015,95,41,73,11,29,198,68,4,66
Marvin Gaye (feat. Meghan Trainor),Charlie Puth,pop,2015,110,62,79,34,83,188,45,5,66
Girl Crush,Little Big Town,contemporary country,2015,174,23,50,11,36,193,84,3,66
"Downtown (feat. Melle Mel, Grandmaster Caz, Kool Moe Dee & Eric Nally)",Macklemore & Ryan Lewis,pop rap,2015,110,61,83,29,71,293,9,7,66
All Eyes on You (feat. Chris Brown & Nicki Minaj),Meek Mill,hip hop,2015,78,66,59,12,25,224,2,20,66
Good For You,Selena Gomez,pop,2015,89,68,61,9,21,222,18,5,65
Somebody,Natalie La Rose,chicago rap,2015,105,52,83,7,74,190,0,4,64
My Way (feat. Monty),Fetty Wap,new jersey rap,2015,128,74,75,15,54,213,0,5,64
I Don't Mind (feat. Juicy J),USHER,atl hip hop,2015,113,46,87,9,46,252,21,18,64
Watch Me (Whip / Nae Nae),Silentó,chicago bop,2015,140,76,82,32,96,185,25,12,63
Kick The Dust Up,Luke Bryan,contemporary country,2015,172,86,60,9,82,191,20,5,63
Truffle Butter,Nicki Minaj,hip pop,2015,105,67,89,11,52,220,6,5,62
Take Your Time,Sam Hunt,contemporary country,2015,158,72,56,21,48,244,10,4,62
"Flex (Ooh, Ooh, Ooh)",Rich Homie Quan,atl hip hop,2015,82,61,73,19,89,177,4,5,62
Only,Nicki Minaj,hip pop,2015,120,49,81,10,26,312,41,57,61
Tuesday (feat. Drake),ILOVEMAKONNEN,atl hip hop,2015,140,66,77,11,47,322,22,21,60
Heartbeat Song,Kelly Clarkson,dance pop,2015,149,80,49,6,48,199,1,5,60
Ghost,Ella Henderson,dance pop,2015,105,84,68,8,49,216,5,4,60
Bang Bang,Jessie J,dance pop,2015,150,75,70,40,70,199,28,9,59
CoCo,O.T. Genasis,southern hip hop,2015,120,63,89,31,18,240,0,13,58
Blessings,Big Sean,detroit hip hop,2015,119,62,79,12,15,252,33,28,58
Nasty Freestyle,T-Wayne,houston rap,2015,135,47,78,11,41,142,6,22,56
Classic Man (feat. Roman GianArthur),Jidenna,ghanaian hip hop,2015,94,59,79,29,59,226,19,3,56
Hit the Quan - Original Version,iLoveMemphis,chicago bop,2015,160,49,74,5,63,181,0,36,55
Chains,Nick Jonas,dance pop,2015,76,61,59,8,12,203,2,5,55
Starboy,The Weeknd,canadian contemporary r&b,2016,186,59,68,14,49,230,14,28,88
One Dance,Drake,canadian hip hop,2016,104,63,79,33,37,174,1,5,87
Closer,The Chainsmokers,pop,2016,95,52,75,11,66,245,41,3,85
This Is What You Came For,Calvin Harris,dance pop,2016,124,93,63,15,47,222,20,3,85
Stressed Out,Twenty One Pilots,modern rock,2016,170,64,73,6,65,202,5,14,84
Ride,Twenty One Pilots,modern rock,2016,75,71,65,11,57,215,1,4,84
The Hills,The Weeknd,canadian contemporary r&b,2016,113,56,59,14,14,242,7,5,84
Hymn for the Weekend,Coldplay,permanent wave,2016,90,69,49,33,41,258,21,4,84
Treat You Better,Shawn Mendes,canadian pop,2016,83,82,44,11,77,188,11,34,83
Don't,Bryson Tiller,kentucky hip hop,2016,97,36,77,10,19,198,22,20,83
Let Me Love You,DJ Snake,dance pop,2016,200,72,48,14,16,206,9,6,83
Love Yourself,Justin Bieber,canadian pop,2016,100,38,61,28,52,234,84,44,82
Sorry,Justin Bieber,canadian pop,2016,100,76,66,30,41,201,8,5,82
7 Years,Lukas Graham,danish pop,2016,120,47,77,39,34,237,29,5,82
Cake By The Ocean,DNCE,dance pop,2016,119,75,77,4,90,219,15,5,81
Can't Feel My Face,The Weeknd,canadian contemporary r&b,2016,108,77,71,11,58,214,11,4,81
Don't Let Me Down,The Chainsmokers,pop,2016,160,87,53,14,43,208,16,17,80
"Me, Myself & I",G-Eazy,indie pop rap,2016,112,67,76,16,39,251,2,10,80
Exchange,Bryson Tiller,kentucky hip hop,2016,160,43,53,14,28,195,11,19,80
Stitches,Shawn Mendes,canadian pop,2016,150,75,75,5,76,207,2,6,79
What Do You Mean?,Justin Bieber,canadian pop,2016,125,57,85,8,79,206,59,10,79
"CAN'T STOP THE FEELING! (from DreamWorks Animation's ""TROLLS"")",Justin Timberlake,dance pop,2016,113,83,67,19,70,236,1,8,76
My House,Flo Rida,dance pop,2016,94,70,69,13,74,192,2,5,76
Hotline Bling,Drake,canadian hip hop,2016,135,63,89,5,55,267,0,6,76
Low Life (feat. The Weeknd),Future,atl hip hop,2016,144,33,72,15,10,314,34,7,76
Work from Home (feat. Ty Dolla $ign),Fifth Harmony,girl group,2016,105,59,80,6,59,214,10,4,75
Like I'm Gonna Lose You (feat. John Legend),Meghan Trainor,hip pop,2016,108,53,63,18,42,225,40,4,75
White Iverson,Post Malone,dfw rap,2016,130,56,68,8,31,257,23,4,75
Roses,The Chainsmokers,pop,2016,100,80,71,31,34,227,4,6,74
"i hate u, i love u (feat. olivia o'brien)",gnash,alt z,2016,93,28,49,10,18,251,69,30,74
679 (feat. Remy Boyz),Fetty Wap,new jersey rap,2016,190,72,62,63,60,197,0,32,74
Say It,Tory Lanez,canadian hip hop,2016,107,53,55,12,25,238,9,6,74
Middle,DJ Snake,dance pop,2016,105,70,58,5,22,221,1,4,74
Too Good,Drake,canadian hip hop,2016,118,65,79,10,40,263,5,10,73
NO,Meghan Trainor,hip pop,2016,92,80,56,74,66,214,1,21,73
oui,Jeremih,chicago rap,2016,79,72,42,11,60,238,21,10,73
Antidote,Travis Scott,rap,2016,131,53,71,12,12,263,1,3,73
Starving,Hailee Steinfeld,pop,2016,100,62,73,11,51,182,38,6,72
Controlla,Drake,canadian hip hop,2016,92,47,59,10,35,245,8,19,71
Never Forget You,Zara Larsson,pop,2016,146,73,58,27,28,213,0,5,71
In The Night,The Weeknd,canadian contemporary r&b,2016,168,68,51,5,54,236,8,7,71
Me Too,Meghan Trainor,hip pop,2016,124,69,93,48,83,181,10,10,71
Die A Happy Man,Thomas Rhett,contemporary country,2016,166,39,60,12,40,227,42,3,71
Unsteady,X Ambassadors,modern alternative rock,2016,117,67,39,12,20,194,18,6,71
I Know What You Did Last Summer,Shawn Mendes,canadian pop,2016,114,76,69,15,74,224,10,9,71
"Just Like Fire (From the Original Motion Picture ""Alice Through The Looking Glass"")",P!nk,dance pop,2016,163,70,63,11,52,215,1,15,68
Jumpman,Drake,canadian hip hop,2016,142,55,85,33,66,206,6,19,68
Really Really,Kevin Gates,baton rouge rap,2016,119,67,76,13,28,232,0,9,68
LUV,Tory Lanez,canadian hip hop,2016,190,53,54,12,25,229,1,24,67
H.O.L.Y.,Florida Georgia Line,contemporary country,2016,78,67,52,7,56,194,40,3,66
Close,Nick Jonas,dance pop,2016,124,62,65,14,40,234,25,8,66
Panda,Desiigner,pop rap,2016,145,73,69,37,27,248,3,41,65
Cheap Thrills (feat. Sean Paul),Sia,australian dance,2016,90,80,59,8,73,225,6,22,70
I Took A Pill In Ibiza - Seeb Remix,Mike Posner,dance pop,2016,102,71,66,8,71,198,4,11,81
Cold Water,Major Lazer,dance pop,2016,93,80,61,16,50,185,7,4,66
We Don't Talk Anymore (feat. Selena Gomez),Charlie Puth,pop,2016,100,56,73,18,35,218,62,13,80
2 Phones,Kevin Gates,baton rouge rap,2016,122,68,90,19,55,240,16,36,65
Lost Boy,Ruth B.,alt z,2016,124,6,71,9,35,275,97,5,68
Same Old Love,Selena Gomez,pop,2016,98,59,67,21,44,229,2,3,67
Don't Mind,Kent Jones,miami hip hop,2016,159,77,46,6,69,198,2,34,63
Sorry,Beyoncé,pop,2016,130,60,78,25,36,233,0,5,63
Watch Me (Whip / Nae Nae),Silentó,chicago bop,2016,140,76,82,32,96,185,25,12,63
Hands To Myself,Selena Gomez,pop,2016,111,51,81,34,44,201,1,12,65
All In My Head (Flex) (feat. Fetty Wap),Fifth Harmony,girl group,2016,95,79,69,5,76,211,2,5,62
Tiimmy Turner,Desiigner,pop rap,2016,123,73,60,8,30,240,17,4,62
One Call Away,Charlie Puth,pop,2016,91,61,67,12,47,194,40,3,70
Wicked,Future,atl hip hop,2016,158,68,72,39,21,173,0,7,61
All The Way Up (feat. Infared),Fat Joe,bronx hip hop,2016,117,72,54,82,39,192,6,39,60
PILLOWTALK,ZAYN,pop,2016,125,70,59,9,43,204,10,5,76
See You Again (feat. Charlie Puth),Wiz Khalifa,hip hop,2016,80,48,69,6,29,230,37,8,82
Broccoli (feat. Lil Yachty),DRAM,trap,2016,146,53,89,6,71,225,24,13,58
"Sucker for Pain (with Wiz Khalifa, Imagine Dragons, Logic & Ty Dolla $ign feat. X Ambassadors)",Lil Wayne,hip hop,2016,169,79,50,65,74,243,26,32,75
Heathens,Twenty One Pilots,modern rock,2016,90,48,74,10,56,196,9,3,83
No Limit (feat. Young Thug),USHER,atl hip hop,2016,127,52,72,21,28,229,8,6,56
For Free,DJ Khaled,hip hop,2016,104,57,92,15,50,184,2,20,55
Cut It (feat. Young Dolph),O.T. Genasis,southern hip hop,2016,130,67,88,29,23,223,14,9,54
Adventure of a Lifetime,Coldplay,permanent wave,2016,112,92,64,15,53,264,0,4,82
Down In the DM,Yo Gotti,dirty south rap,2016,153,66,78,9,32,183,0,5,53
Gold,Kiiara,alt z,2016,113,41,60,13,41,226,62,34,61
Wildest Dreams,Taylor Swift,pop,2016,140,66,55,11,47,220,7,7,77
On My Mind,Ellie Goulding,indietronica,2016,155,71,70,9,74,213,26,5,63
Pop Style,Drake,canadian hip hop,2016,133,49,79,10,6,209,18,23,58
Ex's & Oh's,Elle King,modern blues rock,2016,140,90,63,5,46,202,2,8,70
Back To Sleep,Chris Brown,r&b,2016,93,64,64,9,70,202,4,22,62
Let It Go,James Bay,neo mellow,2016,147,29,57,11,26,261,81,3,69
Humble And Kind,Tim McGraw,contemporary country,2016,101,48,36,12,14,259,68,3,67
Into You,Ariana Grande,pop,2016,108,73,62,14,37,244,2,11,77
Lean On,Major Lazer,dance pop,2016,98,81,72,56,27,177,0,6,74
Hello,Adele,british soul,2016,79,43,58,9,29,296,33,3,72
Dangerous Woman,Ariana Grande,pop,2016,134,60,66,36,29,236,5,4,78
Never Be Like You (feat. Kai),Flume,australian dance,2016,120,55,56,16,26,233,44,6,72
Side To Side,Ariana Grande,pop,2016,159,74,65,24,61,226,5,23,75
"Sit Still, Look Pretty",Daya,alt z,2016,91,73,85,43,72,208,29,11,62
When We Were Young,Adele,british soul,2016,144,60,38,10,27,291,30,5,75
Hide Away,Daya,alt z,2016,95,83,88,7,47,191,22,9,68
Work,Rihanna,barbadian pop,2016,92,53,72,9,55,219,7,9,77
Needed Me,Rihanna,barbadian pop,2016,111,32,70,8,30,192,11,23,81
Send My Love (To Your New Lover),Adele,british soul,2016,164,53,69,17,57,223,4,9,69
Here,Alessia Cara,canadian contemporary r&b,2016,120,82,38,8,33,199,8,10,69
Perfect,One Direction,boy band,2016,100,82,65,12,40,230,6,7,79
Starboy,The Weeknd,canadian contemporary r&b,2017,186,59,68,14,49,230,14,28,88
Something Just Like This,The Chainsmokers,pop,2017,103,64,62,16,45,247,5,3,87
goosebumps,Travis Scott,rap,2017,130,73,84,15,43,244,8,5,86
Say You Won't Let Go,James Arthur,pop,2017,85,56,36,9,49,211,70,6,86
Believer,Imagine Dragons,modern rock,2017,125,78,78,8,67,204,6,13,86
Unforgettable,French Montana,hip hop,2017,98,77,73,10,73,234,3,12,86
Closer,The Chainsmokers,pop,2017,95,52,75,11,66,245,41,3,85
There's Nothing Holdin' Me Back,Shawn Mendes,canadian pop,2017,122,81,87,8,97,199,38,6,85
HUMBLE.,Kendrick Lamar,conscious hip hop,2017,150,62,91,10,42,177,0,10,85
Thunder,Imagine Dragons,modern rock,2017,168,82,60,15,29,187,1,4,85
Shape of You,Ed Sheeran,pop,2017,96,65,83,9,93,234,58,8,85
That's What I Like,Bruno Mars,dance pop,2017,134,56,85,9,86,207,1,4,84
Heathens,Twenty One Pilots,modern rock,2017,90,40,73,11,55,196,8,3,83
Treat You Better,Shawn Mendes,canadian pop,2017,83,82,44,11,77,188,11,34,83
Let Me Love You,DJ Snake,dance pop,2017,200,72,48,14,16,206,9,6,83
Too Good At Goodbyes,Sam Smith,pop,2017,92,37,72,17,47,201,64,4,82
Love On The Brain,Rihanna,barbadian pop,2017,172,64,51,8,38,224,7,5,82
XO Tour Llif3,Lil Uzi Vert,hip hop,2017,155,75,73,11,40,183,0,23,82
24K Magic,Bruno Mars,dance pop,2017,107,80,82,15,63,226,3,8,82
rockstar,Post Malone,dfw rap,2017,160,52,59,13,13,218,12,7,81
Young Dumb & Broke,Khalid,pop,2017,137,54,80,17,39,203,20,4,81
Sign of the Times,Harry Styles,pop,2017,120,60,52,11,22,341,3,3,81
Mask Off,Future,atl hip hop,2017,150,43,83,17,28,205,1,43,81
Passionfruit,Drake,canadian hip hop,2017,112,46,81,11,36,299,26,4,81
Redbone,Childish Gambino,atl hip hop,2017,160,35,75,12,60,327,17,10,81
Havana (feat. Young Thug),Camila Cabello,dance pop,2017,105,52,77,13,39,217,18,3,80
Look At Me!,XXXTENTACION,emo rap,2017,139,73,76,10,35,126,26,28,80
Look What You Made Me Do,Taylor Swift,pop,2017,128,71,77,13,51,212,20,12,80
Congratulations,Post Malone,dfw rap,2017,123,80,63,25,49,220,22,4,80
Hurricane,Luke Combs,contemporary country,2017,76,81,46,25,52,223,2,4,80
DNA.,Kendrick Lamar,conscious hip hop,2017,140,52,64,8,42,186,0,36,80
Attention,Charlie Puth,pop,2017,100,61,78,13,80,209,11,5,80
I Don’t Wanna Live Forever (Fifty Shades Darker),ZAYN,pop,2017,118,44,74,21,11,246,6,6,79
Feel It Still,Portugal. The Man,indie rock,2017,79,80,78,7,77,163,4,6,80
Mercy,Shawn Mendes,canadian pop,2017,148,66,55,11,34,209,13,8,78
Magnolia,Playboi Carti,atl hip hop,2017,163,58,79,35,44,182,1,29,78
Wild Thoughts (feat. Rihanna & Bryson Tiller),DJ Khaled,hip hop,2017,98,67,67,12,63,204,3,7,78
LOYALTY. FEAT. RIHANNA.,Kendrick Lamar,conscious hip hop,2017,111,54,66,20,42,227,3,6,77
Castle on the Hill,Ed Sheeran,pop,2017,135,83,46,14,47,261,2,10,77
Rockabye (feat. Sean Paul & Anne-Marie),Clean Bandit,pop,2017,102,76,72,18,74,251,41,5,77
Drowning (feat. Kodak Black),A Boogie Wit da Hoodie,melodic rap,2017,129,81,84,12,81,209,50,6,77
I Feel It Coming,The Weeknd,canadian contemporary r&b,2017,93,82,77,7,59,269,43,12,76
Love Galore (feat. Travis Scott),SZA,pop,2017,135,59,80,16,41,275,11,7,76
"CAN'T STOP THE FEELING! (from DreamWorks Animation's ""TROLLS"")",Justin Timberlake,dance pop,2017,113,83,67,19,70,236,1,8,76
Scars To Your Beautiful,Alessia Cara,canadian contemporary r&b,2017,194,74,32,11,45,230,3,27,76
Slow Hands,Niall Horan,pop,2017,86,42,74,6,85,188,1,5,75
It Ain't Me (with Selena Gomez),Kygo,edm,2017,100,53,64,9,52,221,12,7,75
Slide (feat. Frank Ocean & Migos),Calvin Harris,dance pop,2017,104,80,74,25,51,231,50,5,75
"Feels (feat. Pharrell Williams, Katy Perry & Big Sean)",Calvin Harris,dance pop,2017,101,75,89,9,87,223,6,6,75
Side To Side,Ariana Grande,pop,2017,159,74,65,24,61,226,5,23,75
Stay,Zedd,complextro,2017,102,62,69,12,54,210,25,6,74
What About Us,P!nk,dance pop,2017,114,59,39,9,19,272,3,6,74
Location,Khalid,pop,2017,80,45,74,9,33,219,33,43,74
Bank Account,21 Savage,atl hip hop,2017,75,35,88,9,38,220,2,35,74
Paris,The Chainsmokers,pop,2017,100,66,65,9,22,222,2,3,73
Black Beatles,Rae Sremmurd,melodic rap,2017,146,63,79,13,36,292,14,6,73
Malibu,Miley Cyrus,pop,2017,140,78,57,8,34,232,8,6,73
What Lovers Do (feat. SZA),Maroon 5,pop,2017,110,60,80,10,42,200,8,6,73
Tunnel Vision,Kodak Black,florida drill,2017,172,49,50,12,23,268,6,29,73
Issues,Julia Michaels,pop,2017,114,42,73,6,46,176,40,6,73
1-800-273-8255,Logic,conscious hip hop,2017,100,57,62,19,36,250,57,5,72
Starving,Hailee Steinfeld,pop,2017,100,62,73,11,51,182,38,6,72
Sorry Not Sorry,Demi Lovato,pop,2017,144,64,71,26,88,204,2,23,72
In Case You Didn't Know,Brett Young,contemporary country,2017,148,54,61,10,44,225,39,3,72
Body Like A Back Road,Sam Hunt,contemporary country,2017,99,46,73,14,66,165,45,3,71
Swang,Rae Sremmurd,melodic rap,2017,140,31,68,10,17,208,20,6,71
Bad and Boujee (feat. Lil Uzi Vert),Migos,atl hip hop,2017,127,67,93,12,17,343,6,24,71
What Ifs (feat. Lauren Alaina),Kane Brown,black americana,2017,126,80,61,17,69,188,1,3,71
"I'm the One (feat. Justin Bieber, Quavo, Chance the Rapper & Lil Wayne)",DJ Khaled,hip hop,2017,81,67,61,17,81,289,6,4,71
Despacito - Remix,Luis Fonsi,latin pop,2017,178,82,65,10,82,229,23,17,70
Swalla (feat. Nicki Minaj & Ty Dolla $ign),Jason Derulo,dance pop,2017,98,79,69,20,75,216,15,12,70
Bodak Yellow,Cardi B,pop,2017,125,72,93,35,46,224,7,11,70
Bad Things (with Camila Cabello),mgk,ohio hip hop,2017,138,69,70,19,31,239,21,15,69
Cold (feat. Future),Maroon 5,pop,2017,100,72,69,5,41,234,14,11,69
Fake Love,Drake,canadian hip hop,2017,134,48,93,18,61,211,11,29,69
Caroline,Aminé,pop rap,2017,120,34,94,26,71,210,17,51,69
Don't Wanna Know (feat. Kendrick Lamar),Maroon 5,pop,2017,100,61,78,10,42,214,34,7,68
Strip That Down,Liam Payne,pop,2017,106,50,87,8,54,205,22,6,68
iSpy (feat. Lil Yachty),KYLE,deep underground hip hop,2017,75,65,75,23,67,253,38,29,68
Chained To The Rhythm,Katy Perry,pop,2017,95,80,56,20,47,238,8,11,68
I Get the Bag (feat. Migos),Gucci Mane,atl hip hop,2017,140,63,89,10,43,233,2,17,68
Water Under The Bridge,Adele,british soul,2017,95,83,59,11,54,240,1,6,68
Both (feat. Drake),Gucci Mane,atl hip hop,2017,140,41,85,7,34,190,12,23,67
do re mi,blackbear,alt z,2017,111,59,75,12,17,212,1,5,67
Rolex,Ayo & Teo,trap,2017,145,89,80,27,79,239,8,4,67
Small Town Boy,Dustin Lynch,contemporary country,2017,73,74,56,36,67,206,3,3,66
Slippery (feat. Gucci Mane),Migos,atl hip hop,2017,142,68,92,10,75,304,31,26,65
Praying,Kesha,dance pop,2017,73,39,54,11,30,230,49,3,65
Bounce Back,Big Sean,detroit hip hop,2017,82,57,79,13,27,222,11,13,65
T-Shirt,Migos,atl hip hop,2017,139,69,87,16,49,242,24,22,64
All Time Low,Jon Bellion,indie pop rap,2017,90,57,62,9,51,218,6,8,64
No Promises (feat. Demi Lovato),Cheat Codes,edm,2017,113,67,74,11,60,224,6,13,63
Rake It Up (feat. Nicki Minaj),Yo Gotti,dirty south rap,2017,150,44,91,14,53,276,2,34,62
The Fighter,Keith Urban,contemporary country,2017,132,86,68,19,76,184,2,5,60
Now Or Never,Halsey,electropop,2017,110,59,67,13,45,215,11,4,60
Mi Gente (feat. Beyoncé),J Balvin,reggaeton,2017,105,72,76,23,47,210,2,8,59
Broccoli (feat. Lil Yachty),DRAM,trap,2017,146,53,89,6,71,225,24,13,58
Juju on That Beat (TZ Anthem),Zay Hilfigerrr,viral trap,2017,161,89,81,39,78,144,0,28,56
Everyday We Lit (feat. PnB Rock),YFN Lucci,arkansas hip hop,2017,156,65,76,8,59,197,13,11,56
Down,Marian Hill,electropop,2017,113,36,68,12,7,198,68,13,55
All The Stars (with SZA),Kendrick Lamar,conscious hip hop,2018,97,63,70,9,56,232,6,6,86
Believer,Imagine Dragons,modern rock,2018,125,78,78,8,67,204,6,13,86
Perfect,Ed Sheeran,pop,2018,95,45,60,11,17,263,16,2,85
Thunder,Imagine Dragons,modern rock,2018,168,82,60,15,29,187,1,4,85
Shape of You,Ed Sheeran,pop,2018,96,65,83,9,93,234,58,8,85
Ric Flair Drip (with Metro Boomin),Offset,atl hip hop,2018,100,43,88,11,33,173,15,21,84
One Kiss (with Dua Lipa),Calvin Harris,dance pop,2018,124,86,79,8,59,215,4,11,84
LOVE. FEAT. ZACARI.,Kendrick Lamar,conscious hip hop,2018,126,59,80,15,78,213,26,9,83
Happier,Marshmello,brostep,2018,100,79,69,17,67,214,19,5,83
Call Out My Name,The Weeknd,canadian contemporary r&b,2018,134,59,46,31,17,228,17,4,83
Whatever It Takes,Imagine Dragons,modern rock,2018,135,66,67,12,56,201,4,3,82
Moonlight,XXXTENTACION,emo rap,2018,128,54,92,10,71,135,56,8,82
Too Good At Goodbyes,Sam Smith,pop,2018,92,37,72,17,47,201,64,4,82
Lucid Dreams,Juice WRLD,chicago rap,2018,84,57,51,34,22,240,35,20,82
God's Plan,Drake,canadian hip hop,2018,77,45,75,55,36,199,3,11,81
rockstar (feat. 21 Savage),Post Malone,dfw rap,2018,160,52,59,13,13,218,12,7,81
New Rules,Dua Lipa,dance pop,2018,116,70,76,15,61,209,0,7,81
SICKO MODE,Travis Scott,rap,2018,155,73,83,12,45,313,1,22,81
Young Dumb & Broke,Khalid,pop,2018,137,54,80,17,39,203,20,4,81
Havana (feat. Young Thug),Camila Cabello,dance pop,2018,105,52,77,13,39,217,18,3,80
Delicate,Taylor Swift,pop,2018,95,40,75,9,5,232,22,7,80
Youngblood,5 Seconds of Summer,boy band,2018,120,85,60,12,15,203,2,46,80
Natural,Imagine Dragons,modern rock,2018,100,61,70,8,22,189,22,4,80
Feel It Still,Portugal. The Man,indie rock,2018,79,80,80,7,75,163,4,5,80
I Like Me Better,Lauv,pop,2018,92,51,75,10,42,197,53,26,79
Better Now,Post Malone,dfw rap,2018,145,58,67,14,34,231,33,4,79
SAD!,XXXTENTACION,emo rap,2018,75,61,74,12,47,167,26,14,79
X,Nicky Jam,latin hip hop,2018,180,75,59,30,69,173,3,6,78
I Like It,Cardi B,pop,2018,136,73,82,37,65,253,10,13,77
The Middle,Zedd,complextro,2018,107,66,75,11,44,185,17,4,77
Yes Indeed,Lil Baby,atl hip hop,2018,120,35,96,11,56,142,4,53,77
Let You Down,NF,hip hop,2018,148,71,66,18,46,212,31,12,77
Eastside (with Halsey & Khalid),benny blanco,pop,2018,89,68,56,12,32,174,56,32,77
Nice For What,Drake,canadian hip hop,2018,93,91,59,12,76,211,9,7,76
Never Be the Same,Camila Cabello,dance pop,2018,130,71,64,14,24,227,18,7,76
I Fall Apart,Post Malone,dfw rap,2018,144,54,56,20,29,223,7,4,76
Him & I (with Halsey),G-Eazy,indie pop rap,2018,88,73,59,31,19,269,5,9,76
IDGAF,Dua Lipa,dance pop,2018,97,54,84,8,51,218,4,9,76
no tears left to cry,Ariana Grande,pop,2018,122,71,70,29,35,206,4,6,75
FRIENDS,Marshmello,brostep,2018,95,88,63,13,53,203,21,5,75
Nonstop,Drake,canadian hip hop,2018,155,41,91,10,42,239,2,12,75
Wolves,Selena Gomez,pop,2018,125,80,73,20,31,198,12,4,75
changes,XXXTENTACION,emo rap,2018,65,31,67,10,52,122,88,3,75
Pray For Me (with Kendrick Lamar),The Weeknd,canadian contemporary r&b,2018,101,68,74,11,19,211,8,9,75
Psycho (feat. Ty Dolla $ign),Post Malone,dfw rap,2018,140,56,75,11,46,221,55,11,74
Mine,Bazzi,pop,2018,143,79,71,45,72,131,2,7,74
God is a woman,Ariana Grande,pop,2018,145,66,60,24,27,198,2,6,74
One Number Away,Luke Combs,contemporary country,2018,144,78,54,19,53,222,1,3,74
Taste (feat. Offset),Tyga,hip hop,2018,98,56,88,10,34,233,2,12,74
Finesse - Remix; feat. Cardi B,Bruno Mars,dance pop,2018,105,86,70,2,93,217,2,10,73
Te Boté - Remix,Nio Garcia,reggaeton,2018,97,68,90,6,44,418,54,21,73
What Lovers Do (feat. SZA),Maroon 5,pop,2018,110,60,80,10,42,200,8,6,73
In My Feelings,Drake,canadian hip hop,2018,91,63,84,40,35,218,6,13,72
Stir Fry,Migos,atl hip hop,2018,182,82,82,16,51,190,0,27,72
Sky Walker (feat. Travis Scott),Miguel,r&b,2018,146,51,67,9,18,259,17,4,72
1-800-273-8255,Logic,conscious hip hop,2018,100,57,62,19,36,250,57,5,72
You Make It Easy,Jason Aldean,contemporary country,2018,132,57,54,10,51,193,16,3,72
Sorry Not Sorry,Demi Lovato,pop,2018,144,64,71,26,88,204,2,23,72
Meant to Be (feat. Florida Georgia Line),Bebe Rexha,dance pop,2018,154,78,64,8,58,164,5,9,71
Love Lies (with Normani),Khalid,pop,2018,144,65,71,13,34,202,10,4,71
Back To You - From 13 Reasons Why – Season 2 Soundtrack,Selena Gomez,pop,2018,102,73,60,12,51,208,9,5,71
Walk It Talk It,Migos,atl hip hop,2018,146,63,91,11,40,276,9,18,71
In My Blood,Shawn Mendes,canadian pop,2018,140,71,62,13,49,211,6,7,71
How Long,Charlie Puth,pop,2018,110,56,85,4,81,201,21,8,71
Girls Like You (feat. Cardi B) - Cardi B Version,Maroon 5,pop,2018,125,54,78,13,45,236,57,7,71
Tequila,Dan + Shay,contemporary country,2018,86,59,47,13,50,196,3,3,71
Heaven,Kane Brown,black americana,2018,80,56,68,11,52,180,26,3,70
Bodak Yellow,Cardi B,pop,2018,125,70,93,23,49,224,7,10,70
Trip,Ella Mai,r&b,2018,80,61,48,11,36,214,22,14,70
"King's Dead (with Kendrick Lamar, Future & James Blake)",Jay Rock,conscious hip hop,2018,82,72,57,16,41,225,0,32,70
Freaky Friday (feat. Chris Brown),Lil Dicky,comedy rap,2018,133,60,76,11,76,217,15,22,70
Simple,Florida Georgia Line,contemporary country,2018,200,88,36,15,86,185,8,10,70
Dura,Daddy Yankee,latin hip hop,2018,95,84,78,41,84,200,17,5,69
Outside Today,YoungBoy Never Broke Again,baton rouge rap,2018,134,67,85,11,6,129,14,7,69
Bad At Love,Halsey,electropop,2018,118,75,68,9,61,181,6,3,69
I Get the Bag (feat. Migos),Gucci Mane,atl hip hop,2018,140,63,89,10,43,233,2,17,68
Say Something (feat. Chris Stapleton),Justin Timberlake,dance pop,2018,97,63,71,8,37,279,10,8,68
Get Along,Kenny Chesney,contemporary country,2018,92,81,60,17,32,200,10,5,68
Look Alive (feat. Drake),BlocBoy JB,memphis hip hop,2018,140,58,92,11,61,181,0,32,68
This Is America,Childish Gambino,atl hip hop,2018,120,46,85,35,55,226,12,14,67
Be Careful,Cardi B,pop,2018,152,57,82,10,54,211,3,41,67
Plain Jane REMIX (feat. Nicki Minaj),A$AP Ferg,hip hop,2018,170,84,79,26,38,203,6,27,67
No Limit,G-Eazy,indie pop rap,2018,176,77,84,9,41,245,1,24,67
FEFE (feat. Nicki Minaj & Murda Beatz),6ix9ine,emo rap,2018,126,38,93,12,39,179,9,41,67
MotorSport,Migos,atl hip hop,2018,138,52,90,33,19,303,3,18,66
Plug Walk,Rich The Kid,atl hip hop,2018,95,52,87,11,15,175,20,18,66
Boo'd Up,Ella Mai,r&b,2018,82,84,57,8,23,239,16,7,66
Marry Me,Thomas Rhett,contemporary country,2018,85,41,58,11,50,205,10,2,65
Mercy,Brett Young,contemporary country,2018,72,37,64,10,22,217,84,3,65
I'm Upset,Drake,canadian hip hop,2018,150,59,90,8,49,214,28,34,62
GUMMO,6ix9ine,emo rap,2018,78,77,69,14,67,158,5,16,62
"BIG BANK (feat. 2 Chainz, Big Sean, Nicki Minaj)",YG,cali rap,2018,204,35,75,9,11,237,1,34,61
No Brainer,DJ Khaled,hip hop,2018,136,76,55,9,64,260,7,34,61
Powerglide (feat. Juicy J) - From SR3MM,Rae Sremmurd,melodic rap,2018,174,83,71,12,59,332,2,15,60
Gucci Gang,Lil Pump,emo rap,2018,120,52,94,12,70,124,24,6,59
Bartier Cardi (feat. 21 Savage),Cardi B,pop,2018,138,52,91,38,11,224,0,18,59
Mi Gente (feat. Beyoncé),J Balvin,reggaeton,2018,105,72,76,23,47,210,2,8,59
Wait,Maroon 5,pop,2018,126,60,66,11,44,191,9,5,58
Lemon,N.E.R.D,hip hop,2018,95,73,92,12,20,220,0,9,57
Lights Down Low,MAX,singer-songwriter pop,2018,81,57,62,12,64,225,5,5,56
Someone You Loved,Lewis Capaldi,pop,2019,110,41,50,11,45,182,75,3,87
Circles,Post Malone,dfw rap,2019,120,76,70,9,55,215,19,4,85
Sunflower - Spider-Man: Into the Spider-Verse,Post Malone,dfw rap,2019,90,48,76,7,91,158,55,5,84
Happier,Marshmello,brostep,2019,100,79,69,17,67,214,19,5,83
Shallow,Lady Gaga,art pop,2019,96,39,58,23,33,216,37,3,82
Ransom,Lil Tecca,melodic rap,2019,180,64,75,7,23,131,2,29,82
when the party's over,Billie Eilish,art pop,2019,83,11,37,9,20,196,98,10,82
Lucid Dreams,Juice WRLD,chicago rap,2019,84,57,51,34,22,240,35,20,82
bad guy,Billie Eilish,art pop,2019,135,43,70,10,56,194,33,38,81
7 rings,Ariana Grande,pop,2019,140,32,78,9,33,179,59,31,81
SICKO MODE,Travis Scott,rap,2019,155,73,83,12,45,313,1,22,81
High Hopes,Panic! At The Disco,pop,2019,82,90,58,6,68,191,19,6,81
Beautiful Crazy,Luke Combs,contemporary country,2019,103,40,55,9,38,193,68,3,81
Sweet but Psycho,Ava Max,pop,2019,133,71,72,17,62,187,7,5,81
Beer Never Broke My Heart,Luke Combs,contemporary country,2019,77,86,54,9,64,187,1,5,81
Drip Too Hard (Lil Baby & Gunna),Lil Baby,atl hip hop,2019,113,66,90,53,39,146,9,29,80
Youngblood,5 Seconds of Summer,boy band,2019,120,85,60,12,15,203,2,46,80
You Need To Calm Down,Taylor Swift,pop,2019,85,67,77,6,71,171,1,6,80
Whiskey Glasses,Morgan Wallen,contemporary country,2019,150,68,61,12,71,234,37,3,80
Wow.,Post Malone,dfw rap,2019,100,54,83,10,39,150,14,21,79
Better Now,Post Malone,dfw rap,2019,145,58,67,14,34,231,33,4,79
Señorita,Shawn Mendes,canadian pop,2019,117,54,76,9,75,191,4,3,79
Without Me,Halsey,electropop,2019,136,49,75,9,53,202,30,7,79
"thank u, next",Ariana Grande,pop,2019,107,65,72,10,41,207,23,6,78
MIDDLE CHILD,J. Cole,conscious hip hop,2019,124,36,84,27,46,214,15,28,78
Con Calma,Daddy Yankee,latin hip hop,2019,94,86,74,6,66,193,11,6,78
Sucker,Jonas Brothers,boy band,2019,138,73,84,11,95,181,4,6,78
Going Bad (feat. Drake),Meek Mill,hip hop,2019,86,50,89,25,54,181,26,9,77
Look Back at It,A Boogie Wit da Hoodie,melodic rap,2019,96,59,79,15,54,179,41,4,77
a lot,21 Savage,atl hip hop,2019,146,64,84,34,27,289,4,9,77
I Like It,Cardi B,pop,2019,136,73,82,37,65,253,10,13,77
Be Alright,Dean Lewis,australian pop,2019,127,59,55,8,44,196,70,4,77
Eastside (with Halsey & Khalid),benny blanco,pop,2019,89,68,56,12,32,174,56,32,77
Robbery,Juice WRLD,chicago rap,2019,80,69,62,15,57,240,33,5,77
Goodbyes (feat. Young Thug),Post Malone,dfw rap,2019,150,65,55,10,16,175,46,8,76
ZEZE (feat. Travis Scott & Offset),Kodak Black,florida drill,2019,98,60,86,9,50,229,5,18,76
Mo Bamba,Sheck Wes,pop rap,2019,146,63,73,25,26,184,19,3,76
boyfriend (with Social House),Ariana Grande,pop,2019,190,80,40,16,70,186,12,46,76
Wake Up in the Sky,Gucci Mane,atl hip hop,2019,143,58,80,36,37,205,0,5,76
Murder on My Mind,YNW Melly,melodic rap,2019,115,65,76,11,72,270,18,5,76
Better,Khalid,pop,2019,98,56,68,12,15,229,9,6,76
No Guidance (feat. Drake),Chris Brown,r&b,2019,93,45,70,16,14,261,12,15,76
ME! (feat. Brendon Urie of Panic! At The Disco),Taylor Swift,pop,2019,182,83,61,12,73,193,3,6,75
Baby Shark,Pinkfong,cartoon,2019,115,89,83,6,78,81,26,11,75
Rumor,Lee Brice,contemporary country,2019,141,56,66,12,60,198,75,5,75
Dancing With A Stranger (with Normani),Sam Smith,pop,2019,103,52,74,22,35,171,45,7,75
Money In The Grave (Drake ft. Rick Ross),Drake,canadian hip hop,2019,101,50,83,12,10,205,10,5,74
Please Me,Cardi B,pop,2019,134,57,75,8,65,201,6,8,74
Pop Out (feat. Lil Tjay),Polo G,chicago rap,2019,168,64,77,7,26,167,15,47,74
Old Town Road - Remix,Lil Nas X,lgbtq+ hip hop,2019,136,62,88,11,64,157,5,10,73
I Don't Care (with Justin Bieber),Ed Sheeran,pop,2019,102,68,80,9,84,220,9,4,73
"break up with your girlfriend, i'm bored",Ariana Grande,pop,2019,170,55,73,11,34,190,4,9,73
bury a friend,Billie Eilish,art pop,2019,120,39,91,11,20,193,74,33,73
"Taki Taki (with Selena Gomez, Ozuna & Cardi B)",DJ Snake,dance pop,2019,96,80,84,6,62,213,16,23,72
You Say,Lauren Daigle,ccm,2019,148,63,49,9,8,275,68,3,72
Baby (Lil Baby feat. DaBaby),Quality Control,melodic rap,2019,108,46,97,15,46,142,10,37,72
Beautiful (feat. Camila Cabello),Bazzi,pop,2019,100,72,64,11,25,180,35,3,72
Pure Water (with Migos),Mustard,cali rap,2019,202,56,68,34,14,192,18,13,71
My Type,Saweetie,cali rap,2019,105,81,90,7,59,126,0,26,71
Love Lies (with Normani),Khalid,pop,2019,144,65,71,13,34,202,10,4,71
If I Can't Have You,Shawn Mendes,canadian pop,2019,124,81,69,15,86,191,52,6,71
Girls Like You (feat. Cardi B) - Cardi B Version,Maroon 5,pop,2019,125,54,78,13,45,236,57,7,71
Tequila,Dan + Shay,contemporary country,2019,86,59,47,13,50,196,3,3,71
Money,Cardi B,pop,2019,130,59,95,11,22,184,1,29,70
Close Friends (Lil Baby & Gunna),Lil Baby,atl hip hop,2019,159,58,67,8,70,204,5,37,70
Trip,Ella Mai,r&b,2019,80,61,48,11,36,214,22,14,70
Swervin (feat. 6ix9ine),A Boogie Wit da Hoodie,melodic rap,2019,93,66,58,11,43,189,2,30,70
One Thing Right,Marshmello,brostep,2019,88,63,66,58,44,182,6,5,70
Beautiful People (feat. Khalid),Ed Sheeran,pop,2019,93,65,64,8,55,198,12,19,70
Only Human,Jonas Brothers,boy band,2019,94,50,80,6,87,183,11,7,69
Knockin' Boots,Luke Bryan,contemporary country,2019,132,68,74,33,63,199,13,21,69
Truth Hurts,Lizzo,escape room,2019,158,62,72,12,41,173,11,11,69
Speechless,Dan + Shay,contemporary country,2019,136,44,63,24,42,213,33,3,69
Talk (feat. Disclosure),Khalid,pop,2019,136,40,90,6,35,198,5,13,68
breathin,Ariana Grande,pop,2019,100,66,57,21,36,198,2,4,68
God's Country,Blake Shelton,classic oklahoma country,2019,140,75,54,12,22,205,6,4,68
How Do You Sleep?,Sam Smith,pop,2019,166,68,56,8,36,202,15,9,67
Leave Me Alone,Flipp Dinero,melodic rap,2019,150,74,79,18,74,196,11,9,67
The Git Up,Blanco Brown,black americana,2019,98,68,85,27,81,201,7,11,67
Suge,DaBaby,hip hop,2019,75,66,88,13,84,163,6,43,66
Look What God Gave Her,Thomas Rhett,contemporary country,2019,113,85,74,18,88,169,3,3,66
The London (feat. J. Cole & Travis Scott),Young Thug,atl hip hop,2019,98,59,80,13,18,200,2,15,66
Panini,Lil Nas X,lgbtq+ hip hop,2019,154,59,70,12,48,115,34,8,66
Eyes On You,Chase Rice,contemporary country,2019,89,65,34,20,46,182,32,4,65
Shotta Flow,NLE Choppa,memphis hip hop,2019,120,43,89,10,45,160,8,55,65
"Hey Look Ma, I Made It",Panic! At The Disco,pop,2019,108,83,58,12,58,170,1,7,64
Worth It,YK Osiris,melodic rap,2019,124,53,76,8,42,189,47,6,64
Act Up,City Girls,scam rap,2019,97,64,94,11,31,158,2,19,63
MIA (feat. Drake),Bad Bunny,reggaeton,2019,97,54,82,10,16,210,1,6,63
Clout (feat. Cardi B),Offset,atl hip hop,2019,140,62,92,12,42,206,23,10,62
Cash Shit (feat. DaBaby),Megan Thee Stallion,houston rap,2019,130,64,92,9,55,193,2,42,62
Hot Girl Summer (feat. Nicki Minaj & Ty Dolla $ign),Megan Thee Stallion,houston rap,2019,99,81,87,21,57,199,0,16,62
Walk Me Home,P!nk,dance pop,2019,88,45,65,18,43,177,5,4,62
Envy Me,Calboy,chicago rap,2019,149,48,56,22,58,120,28,31,62
Good as You,Kane Brown,black americana,2019,154,52,63,14,77,192,40,4,61
Thotiana,Blueface,cali rap,2019,104,38,91,11,39,129,18,27,61
All To Myself,Dan + Shay,contemporary country,2019,95,78,65,14,62,170,23,3,60
Trampoline,SHAED,electropop,2019,127,41,69,7,54,184,49,3,59
Close To Me (with Diplo) (feat. Swae Lee),Ellie Goulding,indietronica,2019,144,76,57,39,49,183,10,6,59
Talk You Out Of It,Florida Georgia Line,contemporary country,2019,120,71,65,8,56,203,58,4,58
